StockCode,Month,Quantity,TotalSales
10080,2011-02,2,1.7
10120,2011-05,3,0.63
10123C,2010-12,1,0.65
10123C,2011-03,4,2.6
10124A,2010-12,4,1.68
10124A,2011-02,3,1.26
10124A,2011-11,4,1.68
10124G,2011-03,4,1.68
10124G,2011-09,4,1.68
10124G,2011-11,4,1.68
15030,2011-08,2,0.58
15030,2011-09,3,0.8699999999999999
15030,2011-12,2,0.58
15039,2011-12,2,1.7
15044A,2011-10,3,8.850000000000001
15044A,2011-12,2,8.74
15044B,2010-12,2,5.9
15044C,2011-12,2,5.9
15044D,2011-12,2,5.9
15058A,2010-12,1,7.95
15058A,2011-09,2,15.9
15058A,2011-10,1,7.95
15058A,2011-11,2,15.9
15058B,2010-12,1,7.95
15058B,2011-01,3,23.85
15058B,2011-09,1,7.95
15058B,2011-11,1,7.95
15058C,2011-02,4,31.8
15058C,2011-08,4,31.8
15058C,2011-09,1,7.95
15060B,2011-04,3,11.25
16020C,2011-03,2,1.7
16020C,2011-04,4,3.4
16046,2011-02,4,3.4
16046,2011-04,2,1.7
16046,2011-06,1,0.85
16046,2011-10,3,2.55
16046,2011-11,2,1.7
16054,2010-12,2,0.84
16162L,2011-07,3,1.9500000000000002
16162L,2011-08,1,0.65
16162M,2011-11,4,1.68
16202A,2011-03,3,1.5
16202A,2011-04,4,2.0
16206B,2010-12,2,2.5
16207A,2010-12,2,5.9
16207A,2011-03,2,5.9
16207A,2011-05,2,5.9
16207A,2011-11,1,2.95
16207B,2011-01,3,8.850000000000001
16207B,2011-08,1,2.46
16225,2011-04,1,1.25
16225,2011-05,2,2.5
16225,2011-08,4,7.04
16236,2011-02,4,0.84
16244B,2011-04,4,2.0
16244B,2011-05,3,5.85
16248B,2011-03,2,2.5
16248B,2011-05,1,1.25
16248B,2011-07,1,1.25
16248B,2011-09,2,2.5
16254,2011-08,1,1.63
16254,2011-11,3,2.55
16258A,2010-12,4,1.68
17011F,2010-12,1,2.1
17012A,2011-04,1,2.55
17012B,2011-04,1,2.55
17012C,2011-02,1,2.55
17012C,2011-04,1,2.55
17012C,2011-08,2,1.7
17012D,2011-06,1,2.55
17012F,2011-02,1,2.55
17012F,2011-03,2,5.1
17012F,2011-06,1,0.85
17014A,2011-03,1,1.65
17038,2011-07,1,0.1
17090A,2011-05,1,1.25
17090A,2011-07,2,2.5
17090D,2011-02,2,2.5
17090D,2011-03,2,2.5
17090D,2011-05,2,2.5
17091A,2011-02,3,3.75
17107D,2011-08,4,10.2
17109D,2010-12,2,3.38
17129F,2011-09,4,6.52
17129F,2011-11,1,1.63
17174,2011-01,1,0.42
17191A,2011-11,2,7.5
17191A,2011-12,2,7.5
18094C,2011-06,3,3.75
18094C,2011-10,3,3.75
18097A,2010-12,1,2.55
18097A,2011-03,2,5.1
18097A,2011-06,2,5.1
18097C,2011-09,2,5.1
18098C,2011-02,3,8.850000000000001
18098C,2011-05,1,2.95
18098C,2011-06,1,2.95
18098C,2011-08,4,11.8
20615,2011-01,4,8.4
20615,2011-04,1,2.1
20615,2011-05,1,2.1
20615,2011-06,4,3.0
20615,2011-09,2,1.5
20615,2011-12,1,0.75
20616,2011-01,1,2.1
20616,2011-04,1,2.1
20616,2011-05,4,8.4
20616,2011-09,1,0.75
20616,2011-12,1,0.75
20617,2011-01,4,8.4
20617,2011-02,1,2.1
20617,2011-09,2,4.2
20617,2011-10,3,8.33
20618,2010-12,2,4.2
20618,2011-01,4,8.4
20618,2011-07,2,4.2
20618,2011-09,2,4.2
20618,2011-10,4,8.4
20618,2011-12,1,2.1
20619,2011-05,2,4.2
20619,2011-09,1,4.13
20619,2011-10,3,12.39
20622,2011-02,3,6.300000000000001
20622,2011-09,2,4.2
20622,2011-10,1,2.1
20652,2010-12,2,2.5
20652,2011-01,3,3.75
20652,2011-09,3,3.75
20652,2011-12,1,1.25
20653,2011-12,1,2.46
20654,2011-05,3,3.75
20654,2011-07,1,1.25
20654,2011-09,2,2.5
20654,2011-10,1,1.25
20654,2011-12,1,1.25
20655,2011-01,4,5.0
20655,2011-07,2,2.5
20655,2011-10,1,2.46
20655,2011-11,4,5.0
20655,2011-12,1,1.25
20657,2010-12,3,3.75
20657,2011-01,1,1.25
20657,2011-03,2,2.5
20657,2011-09,4,6.21
20657,2011-10,1,2.46
20659,2011-01,1,1.25
20659,2011-02,3,3.75
20659,2011-03,3,3.75
20659,2011-10,3,7.38
20661,2010-12,1,2.95
20661,2011-09,2,11.58
20662,2011-02,1,2.95
20662,2011-10,3,17.37
20663,2010-12,1,2.95
20663,2011-01,1,2.95
20663,2011-10,1,5.79
20666,2010-12,1,2.95
20666,2011-03,1,2.95
20666,2011-04,2,5.9
20667,2011-05,1,2.95
20669,2011-07,3,3.75
20670,2010-12,1,2.95
20670,2011-04,1,2.95
20670,2011-05,2,5.9
20670,2011-09,1,5.79
20670,2011-10,1,5.79
20670,2011-11,2,5.9
20678,2011-09,4,6.6
20684,2010-12,2,6.5
20684,2011-05,3,9.75
20684,2011-07,4,13.0
20686,2011-05,4,13.0
20686,2011-12,2,6.5
20694,2011-03,4,15.0
20694,2011-04,1,3.75
20694,2011-06,1,3.75
20695,2010-12,1,4.25
20695,2011-03,1,4.25
20695,2011-09,2,8.5
20695,2011-11,1,4.25
20696,2011-02,1,3.75
20696,2011-06,1,3.75
20696,2011-11,2,7.5
20697,2010-12,1,2.55
20697,2011-01,1,2.55
20697,2011-05,3,7.6499999999999995
20697,2011-07,4,10.2
20698,2011-01,3,7.6499999999999995
20698,2011-05,3,7.6499999999999995
20699,2010-12,1,2.55
20699,2011-06,2,5.1
20699,2011-07,2,5.1
20699,2011-11,3,7.6499999999999995
20699,2011-12,1,2.55
20700,2010-12,1,3.75
20700,2011-05,4,15.0
20701,2010-12,1,3.75
20702,2011-08,3,12.75
20703,2011-04,1,4.25
20704,2011-02,1,6.95
20704,2011-03,4,27.8
20704,2011-04,2,13.9
20704,2011-05,2,13.9
20704,2011-06,1,6.95
20704,2011-09,4,27.8
20704,2011-11,2,13.9
20705,2011-02,1,6.95
20705,2011-04,2,13.9
20705,2011-05,2,13.9
20705,2011-06,2,13.9
20705,2011-07,3,20.85
20705,2011-08,1,6.95
20705,2011-09,2,13.9
20705,2011-11,1,6.95
20707,2010-12,2,2.5
20707,2011-01,2,2.5
20707,2011-09,4,8.629999999999999
20707,2011-12,1,2.46
20731,2010-12,1,1.25
20731,2011-01,3,3.75
20731,2011-03,2,2.5
20733,2011-02,1,0.85
20733,2011-04,1,0.85
20733,2011-07,4,3.4
20733,2011-12,1,0.85
20735,2011-02,3,2.55
20735,2011-03,4,3.4
20735,2011-05,3,2.55
20735,2011-07,1,0.85
20735,2011-09,3,2.55
20748,2011-02,3,38.25
20748,2011-03,3,38.25
20748,2011-04,1,12.75
20748,2011-05,1,12.75
20748,2011-08,2,25.5
20748,2011-10,4,51.0
20751,2011-12,1,2.1
20756,2011-01,3,2.55
20756,2011-04,4,3.4
20756,2011-09,1,0.85
20757,2011-04,1,0.85
20757,2011-09,3,2.55
20758,2011-08,3,2.55
20759,2011-01,3,2.55
20759,2011-02,3,2.55
20759,2011-04,3,2.55
20759,2011-05,3,2.55
20759,2011-09,2,1.7
20759,2011-12,1,0.85
20760,2010-12,4,3.4
20760,2011-02,3,2.55
20760,2011-03,4,3.4
20761,2011-03,3,11.25
20761,2011-08,2,7.5
20761,2011-12,4,15.0
20762,2011-12,1,3.75
20763,2011-01,1,3.75
20763,2011-02,1,3.75
20763,2011-03,1,3.75
20763,2011-06,1,3.75
20763,2011-10,2,7.5
20763,2011-12,1,3.75
20764,2011-03,4,15.0
20764,2011-12,4,15.0
20765,2011-01,3,11.25
20765,2011-12,1,7.46
20766,2010-12,4,15.0
20766,2011-01,1,3.75
20766,2011-02,2,7.5
20766,2011-03,4,15.0
20766,2011-12,2,7.5
20767,2010-12,4,10.2
20768,2011-03,4,10.2
20768,2011-04,2,5.1
20768,2011-06,1,2.55
20769,2010-12,4,10.2
20769,2011-03,3,7.6499999999999995
20769,2011-07,4,10.2
20769,2011-10,3,7.6499999999999995
20770,2011-05,2,5.1
20770,2011-09,1,2.55
20770,2011-10,4,10.2
20770,2011-11,2,5.1
20771,2011-02,1,2.55
20771,2011-03,1,2.55
20771,2011-07,3,7.6499999999999995
20771,2011-12,2,5.1
20772,2011-03,1,2.55
20772,2011-12,4,12.61
20773,2011-01,3,4.949999999999999
20773,2011-02,3,4.949999999999999
20773,2011-04,2,3.3
20773,2011-06,3,4.949999999999999
20773,2011-08,3,4.949999999999999
20773,2011-09,2,3.3
20774,2011-01,4,6.6
20774,2011-04,2,3.3
20774,2011-05,2,3.3
20774,2011-06,3,4.949999999999999
20775,2010-12,1,1.65
20775,2011-04,2,3.3
20775,2011-05,2,3.3
20775,2011-06,3,4.949999999999999
20775,2011-09,2,3.3
20777,2011-01,2,3.3
20777,2011-03,1,1.65
20777,2011-07,1,1.65
20777,2011-09,2,3.3
20778,2010-12,4,6.6
20778,2011-01,4,6.6
20778,2011-04,2,3.3
20780,2011-03,1,5.49
20780,2011-04,1,5.49
20780,2011-06,1,5.49
20780,2011-10,1,10.79
20781,2011-01,1,5.49
20781,2011-02,4,21.96
20781,2011-04,1,5.49
20781,2011-05,1,5.49
20781,2011-06,1,5.49
20781,2011-09,1,5.49
20781,2011-10,2,10.98
20782,2011-01,3,16.47
20782,2011-02,4,21.96
20782,2011-04,3,16.47
20782,2011-05,1,5.49
20782,2011-06,1,5.49
20782,2011-11,2,10.98
20782,2011-12,3,18.23
20785,2011-01,1,39.95
20785,2011-02,1,39.95
20785,2011-04,1,39.95
20793,2010-12,1,6.75
20793,2011-07,1,6.75
20793,2011-09,1,6.75
20794,2010-12,1,2.55
20794,2011-11,2,5.1
20794,2011-12,4,10.2
20795,2011-11,2,4.2
20796,2011-03,4,6.6
20796,2011-04,3,4.949999999999999
20796,2011-11,4,6.6
20818,2011-01,2,7.5
20819,2010-12,1,3.75
20819,2011-01,2,7.5
20819,2011-02,4,15.0
20819,2011-04,4,15.0
20819,2011-06,3,11.25
20820,2010-12,3,14.850000000000001
20820,2011-03,2,9.9
20821,2011-04,1,4.95
20821,2011-08,1,4.95
20821,2011-11,2,9.9
20830,2011-03,2,4.2
20830,2011-09,4,8.4
20830,2011-10,2,4.2
20831,2011-02,1,2.1
20831,2011-07,2,4.2
20832,2011-05,3,2.55
20845,2011-01,2,12.7
20845,2011-04,4,25.4
20845,2011-08,1,6.35
20847,2010-12,4,15.0
20847,2011-02,2,7.5
20847,2011-03,4,15.0
20847,2011-10,1,3.75
20847,2011-11,1,3.75
20848,2010-12,4,11.8
20848,2011-02,2,5.9
20848,2011-04,3,8.850000000000001
20848,2011-05,4,11.8
20848,2011-08,3,8.850000000000001
20848,2011-09,1,2.95
20848,2011-10,1,2.95
20848,2011-11,3,8.850000000000001
20851,2011-01,2,11.9
20851,2011-02,1,5.95
20851,2011-03,2,11.9
20851,2011-04,4,23.8
20861,2010-12,2,4.2
20866,2011-12,3,4.96
20867,2011-01,2,2.5
20867,2011-09,2,2.5
20867,2011-12,2,2.5
20868,2011-03,3,3.75
20868,2011-05,1,1.25
20869,2011-06,1,0.39
20886,2011-11,4,7.8
20892,2010-12,1,12.75
20893,2011-03,2,5.1
20893,2011-04,1,2.55
20893,2011-06,4,10.2
20893,2011-09,1,2.55
20894,2010-12,4,11.8
20894,2011-02,1,2.95
20894,2011-10,2,5.9
20897,2011-01,2,5.9
20898,2011-07,1,2.95
20901,2011-06,2,12.7
20901,2011-11,2,12.7
20902,2010-12,2,12.7
20902,2011-03,2,12.7
20902,2011-04,2,12.7
20902,2011-08,1,6.35
20903,2010-12,2,12.7
20903,2011-01,2,12.7
20903,2011-02,2,12.7
20903,2011-03,2,12.7
20903,2011-04,4,25.4
20903,2011-05,2,12.7
20903,2011-08,4,25.4
20903,2011-10,2,12.7
20906,2010-12,1,2.95
20906,2011-04,2,5.9
20931,2010-12,1,3.75
20931,2011-10,1,2.95
20932,2010-12,1,3.75
20932,2011-01,4,15.0
20932,2011-03,1,3.75
20932,2011-07,1,2.95
20933,2011-01,4,15.0
20933,2011-08,1,2.95
20933,2011-10,4,11.8
20933,2011-11,1,2.95
20933,2011-12,1,2.95
20934,2011-03,4,21.8
20934,2011-06,1,5.45
20934,2011-07,2,10.9
20934,2011-08,4,21.8
20934,2011-11,2,10.9
20935,2011-09,1,2.95
20936,2011-01,3,8.850000000000001
20936,2011-02,1,2.95
20936,2011-07,1,2.95
20936,2011-08,1,2.95
20936,2011-12,1,1.25
20941,2011-01,1,1.25
20941,2011-06,1,1.25
20956,2011-05,1,1.25
20961,2011-07,1,1.25
20964,2011-05,2,5.1
20966,2011-05,1,1.25
20980,2011-01,4,5.0
20980,2011-05,4,5.0
20980,2011-08,3,3.75
20984,2011-02,2,1.7
20985,2011-05,2,2.5
20986,2011-03,4,5.0
20986,2011-04,1,1.25
20986,2011-05,2,2.5
20997,2011-06,1,4.95
20998,2010-12,4,11.8
20998,2011-04,1,2.95
20998,2011-06,1,2.95
21000,2010-12,3,12.75
21000,2011-05,4,17.0
21000,2011-07,1,4.25
21000,2011-09,2,8.5
21001,2010-12,1,5.95
21001,2011-02,3,17.85
21001,2011-03,3,17.85
21001,2011-05,2,11.9
21001,2011-06,3,17.85
21001,2011-07,1,5.95
21001,2011-08,3,17.85
21001,2011-09,1,5.95
21002,2011-01,3,12.75
21002,2011-07,2,8.5
21002,2011-10,2,8.5
21003,2011-01,2,12.7
21003,2011-04,1,6.35
21003,2011-06,1,6.35
21003,2011-08,1,6.35
21025,2011-07,1,1.25
21025,2011-08,3,3.75
21025,2011-10,3,4.96
21026,2011-07,1,1.25
21027,2011-02,4,5.0
21027,2011-03,4,5.0
21027,2011-07,3,3.75
21027,2011-08,3,3.75
21028,2011-01,3,3.75
21028,2011-02,1,1.25
21028,2011-07,3,3.75
21028,2011-08,1,1.25
21028,2011-09,4,5.0
21028,2011-12,2,4.92
21030,2011-07,4,5.0
21030,2011-10,4,5.0
21031,2011-02,3,3.75
21031,2011-03,1,1.25
21031,2011-10,4,6.21
21032,2011-07,4,5.0
21032,2011-09,1,2.46
21032,2011-10,2,3.71
21033,2011-09,1,2.08
21038,2011-02,2,5.9
21038,2011-05,1,0.79
21039,2011-07,2,5.1
21039,2011-12,1,2.55
21040,2010-12,4,10.2
21040,2011-01,3,7.6499999999999995
21042,2011-12,3,17.85
21043,2011-02,2,11.9
21043,2011-06,2,3.9
21051,2011-07,4,8.4
21054,2011-02,4,35.8
21054,2011-04,1,8.95
21054,2011-08,1,8.95
21054,2011-11,3,26.849999999999998
21055,2011-04,3,26.849999999999998
21055,2011-07,4,35.8
21055,2011-09,1,16.63
21055,2011-12,2,17.9
21056,2011-08,1,8.95
21056,2011-09,1,16.63
21056,2011-10,1,16.63
21058,2011-12,2,1.7
21061,2011-10,3,2.55
21064,2011-01,4,23.8
21064,2011-02,1,5.95
21064,2011-03,3,17.85
21064,2011-04,1,5.95
21064,2011-05,2,11.9
21064,2011-06,2,11.9
21064,2011-08,4,23.8
21065,2011-03,4,23.8
21065,2011-04,1,5.95
21065,2011-06,4,23.8
21065,2011-08,2,11.9
21065,2011-09,3,17.85
21065,2011-10,4,23.8
21066,2011-05,1,1.25
21066,2011-12,1,1.25
21067,2010-12,3,3.75
21067,2011-05,2,2.5
21067,2011-10,1,1.25
21069,2011-05,3,3.75
21070,2011-06,2,2.5
21070,2011-07,2,2.5
21070,2011-12,3,7.38
21088,2011-10,4,2.04
21089,2010-12,2,1.3
21089,2011-02,2,1.3
21090,2010-12,4,3.4
21095,2011-01,2,1.7
21095,2011-04,3,2.55
21096,2011-10,4,2.44
21100,2011-01,2,3.3
21106,2011-04,3,8.850000000000001
21109,2011-04,2,13.5
21109,2011-06,2,13.5
21109,2011-08,2,13.5
21109,2011-09,4,27.0
21110,2011-04,4,27.0
21110,2011-07,1,6.75
21111,2011-04,1,2.95
21111,2011-07,2,5.9
21112,2011-05,2,5.9
21112,2011-06,4,11.8
21112,2011-07,4,11.8
21116,2011-12,1,8.29
21117,2011-01,1,6.75
21125,2011-12,3,3.75
21128,2010-12,2,13.9
21128,2011-01,2,13.9
21128,2011-03,4,27.8
21128,2011-07,1,6.95
21128,2011-08,4,27.8
21128,2011-09,1,6.95
21128,2011-10,2,19.41
21129,2011-01,1,6.95
21129,2011-03,4,27.8
21129,2011-05,3,20.85
21129,2011-07,1,6.95
21129,2011-08,2,13.9
21129,2011-09,1,12.46
21129,2011-10,3,31.87
21131,2011-04,3,12.75
21131,2011-08,4,17.0
21131,2011-09,1,4.25
21132,2010-12,4,17.0
21132,2011-01,4,17.0
21132,2011-04,4,17.0
21132,2011-05,4,17.0
21132,2011-06,1,4.25
21132,2011-07,1,4.25
21132,2011-11,2,8.5
21132,2011-12,2,2.5
21143,2011-04,3,5.85
21147,2010-12,3,6.300000000000001
21147,2011-07,2,4.2
21147,2011-12,1,2.46
21157,2011-04,2,4.2
21157,2011-05,2,4.2
21157,2011-10,3,6.300000000000001
21158,2011-01,2,2.9
21161,2011-04,4,5.8
21162,2010-12,3,4.35
21162,2011-04,3,4.35
21163,2011-01,4,5.8
21171,2011-08,3,4.35
21181,2011-08,1,2.1
21188,2010-12,1,2.95
21189,2011-08,2,3.3
21189,2011-09,3,4.949999999999999
21190,2011-01,2,3.3
21190,2011-11,4,6.6
21194,2011-03,2,4.2
21194,2011-04,4,8.4
21194,2011-05,1,2.1
21195,2011-04,2,4.2
21196,2010-12,1,1.65
21196,2011-10,1,1.65
21199,2011-06,3,4.949999999999999
21199,2011-09,1,1.65
21200,2011-04,2,3.3
21200,2011-08,2,3.3
21202,2011-05,2,3.3
21204,2011-02,2,3.3
21205,2011-02,4,10.2
21205,2011-10,1,2.55
21205,2011-12,1,2.55
21207,2011-04,2,3.3
21208,2011-04,4,6.6
21208,2011-05,2,3.3
21209,2010-12,1,1.65
21215,2011-12,1,0.55
21219,2011-04,3,3.75
21219,2011-12,2,3.71
21221,2011-12,1,1.25
21222,2011-01,4,5.0
21222,2011-12,2,3.71
21226,2010-12,2,2.5
21226,2011-10,1,1.25
21228,2011-02,1,1.25
21228,2011-03,4,5.0
21246,2010-12,4,19.8
21248,2010-12,3,4.35
21248,2011-01,3,4.35
21248,2011-04,1,1.45
21248,2011-06,3,4.35
21250,2010-12,2,5.9
21250,2011-02,1,2.95
21250,2011-08,1,2.95
21251,2010-12,1,2.95
21251,2011-04,1,2.95
21253,2011-07,1,2.95
21253,2011-08,1,2.95
21253,2011-12,1,0.79
21258,2011-02,4,51.0
21258,2011-04,4,51.0
21261,2010-12,2,33.9
21261,2011-12,1,2.95
21263,2011-05,2,3.9
21264,2011-05,2,3.9
21265,2011-05,2,3.9
21268,2010-12,2,0.84
21269,2011-01,2,17.0
21269,2011-02,4,34.0
21269,2011-03,2,17.0
21269,2011-06,4,34.0
21269,2011-07,2,17.0
21269,2011-08,4,34.0
21269,2011-10,4,34.0
21269,2011-11,1,8.5
21270,2011-03,3,38.25
21270,2011-05,1,12.75
21270,2011-06,2,25.5
21270,2011-07,2,25.5
21270,2011-08,3,38.25
21270,2011-10,1,12.75
21270,2011-11,1,12.75
21270,2011-12,1,12.75
21275,2010-12,1,16.95
21275,2011-02,1,16.95
21275,2011-04,1,16.95
21275,2011-05,1,16.95
21275,2011-11,1,16.95
21277,2010-12,1,21.95
21277,2011-01,2,43.9
21277,2011-02,1,21.95
21277,2011-03,3,65.85
21277,2011-04,1,21.95
21277,2011-06,3,65.85
21277,2011-08,1,21.95
21277,2011-10,2,43.9
21277,2011-11,4,78.8
21279,2011-02,2,5.1
21279,2011-12,1,2.55
21280,2011-06,2,5.1
21281,2011-04,4,10.2
21281,2011-11,3,7.6499999999999995
21284,2011-01,2,3.38
21284,2011-11,2,6.58
21285,2011-09,1,4.13
21286,2010-12,1,2.55
21288,2011-02,2,5.9
21288,2011-07,4,11.8
21293,2011-12,1,4.13
21306,2010-12,2,4.2
21306,2011-01,3,6.300000000000001
21306,2011-06,1,2.1
21306,2011-12,3,0.8699999999999999
21307,2010-12,2,4.2
21307,2011-01,3,6.300000000000001
21307,2011-03,2,4.2
21307,2011-04,1,2.1
21307,2011-05,1,2.1
21310,2011-05,1,29.95
21311,2011-03,1,2.1
21311,2011-05,2,4.2
21311,2011-12,2,0.58
21316,2011-02,2,5.9
21317,2011-01,4,21.8
21317,2011-07,4,21.8
21319,2011-03,1,1.65
21324,2011-04,4,11.8
21329,2011-07,3,4.949999999999999
21331,2010-12,2,25.5
21331,2011-05,1,12.75
21331,2011-06,4,51.0
21331,2011-09,1,12.75
21331,2011-10,2,25.5
21331,2011-11,1,12.75
21332,2011-02,1,12.75
21332,2011-03,2,25.5
21332,2011-04,1,12.75
21332,2011-05,1,12.75
21332,2011-07,1,3.95
21332,2011-08,3,11.850000000000001
21333,2011-03,4,11.8
21333,2011-04,4,11.8
21336,2010-12,1,2.95
21344,2011-07,2,19.9
21344,2011-10,4,39.8
21344,2011-12,3,29.849999999999998
21349,2011-11,1,6.75
21351,2011-12,4,27.0
21352,2011-06,2,13.5
21354,2011-06,3,3.75
21355,2011-05,3,3.75
21355,2011-06,3,3.75
21355,2011-07,2,2.5
21355,2011-12,4,5.0
21356,2011-04,1,1.25
21357,2011-03,1,1.25
21358,2011-07,1,1.25
21358,2011-12,1,1.25
21359,2011-02,2,31.9
21359,2011-04,1,15.95
21360,2010-12,4,39.8
21360,2011-01,2,19.9
21360,2011-02,1,9.95
21360,2011-03,1,9.95
21360,2011-06,4,15.8
21361,2011-05,4,51.0
21361,2011-06,3,38.25
21361,2011-07,4,51.0
21363,2011-08,3,14.850000000000001
21363,2011-09,4,19.8
21364,2011-01,1,6.75
21364,2011-03,2,13.5
21364,2011-04,1,6.75
21364,2011-05,4,27.0
21364,2011-06,2,13.5
21364,2011-07,1,6.75
21364,2011-09,2,13.5
21364,2011-10,1,6.75
21366,2010-12,3,12.75
21366,2011-01,3,12.75
21366,2011-06,1,4.25
21366,2011-07,1,4.25
21366,2011-11,1,4.25
21366,2011-12,3,12.75
21367,2010-12,2,5.1
21367,2011-01,1,2.55
21367,2011-04,1,2.55
21367,2011-08,4,3.0
21368,2011-01,1,2.55
21368,2011-04,1,2.55
21368,2011-08,4,3.0
21369,2011-03,4,15.0
21369,2011-05,4,15.0
21369,2011-10,1,1.25
21369,2011-11,2,2.5
21370,2010-12,2,12.7
21371,2011-02,4,10.2
21371,2011-03,1,2.55
21371,2011-11,3,2.25
21372,2010-12,1,2.95
21374,2010-12,4,15.0
21374,2011-04,1,3.75
21374,2011-10,3,3.75
21375,2010-12,4,21.8
21375,2011-01,2,10.9
21375,2011-04,2,10.9
21375,2011-05,2,10.9
21375,2011-06,4,21.8
21375,2011-08,2,10.9
21375,2011-09,2,10.9
21375,2011-10,1,5.45
21376,2010-12,3,16.35
21376,2011-01,4,21.8
21376,2011-02,1,5.45
21376,2011-03,4,21.8
21376,2011-04,2,10.9
21376,2011-06,2,10.9
21377,2011-03,3,4.949999999999999
21377,2011-07,3,4.949999999999999
21377,2011-09,2,3.3
21378,2011-07,3,4.949999999999999
21379,2011-01,2,2.5
21381,2011-12,3,5.07
21382,2010-12,3,8.850000000000001
21382,2011-12,3,2.25
21383,2011-06,3,1.9500000000000002
21383,2011-08,1,0.65
21383,2011-09,4,2.6
21391,2010-12,3,6.300000000000001
21391,2011-05,3,6.300000000000001
21391,2011-11,1,0.75
21400,2010-12,2,0.84
21403,2011-12,3,0.36
21407,2011-11,4,15.75
21408,2011-01,1,4.25
21408,2011-03,4,17.0
21408,2011-04,4,17.0
21413,2010-12,1,1.25
21413,2011-03,3,3.75
21413,2011-04,1,1.25
21413,2011-05,4,5.0
21413,2011-09,4,5.0
21413,2011-11,4,5.0
21414,2011-02,1,2.1
21415,2011-05,1,2.1
21416,2010-12,1,3.75
21416,2011-01,3,11.25
21416,2011-03,1,3.75
21417,2010-12,1,2.1
21417,2011-01,3,6.300000000000001
21418,2011-05,1,2.55
21420,2011-01,1,3.25
21420,2011-04,1,3.25
21420,2011-05,3,9.75
21420,2011-06,2,6.5
21420,2011-07,4,13.0
21420,2011-08,4,13.0
21420,2011-09,1,3.25
21420,2011-11,4,13.0
21421,2011-05,4,5.0
21422,2011-05,4,3.4
21424,2011-02,4,11.8
21425,2010-12,1,2.95
21425,2011-02,2,5.9
21425,2011-03,1,2.95
21425,2011-08,2,5.9
21425,2011-10,4,11.8
21426,2011-02,2,4.2
21426,2011-08,1,2.1
21427,2011-04,1,2.1
21427,2011-08,4,8.4
21429,2011-05,1,1.95
21439,2011-05,2,2.5
21439,2011-09,3,3.75
21441,2011-08,2,1.7
21445,2011-04,1,1.25
21445,2011-07,1,1.25
21454,2010-12,2,1.7
21454,2011-10,4,3.4
21454,2011-11,4,3.4
21455,2011-05,3,2.55
21455,2011-07,3,2.55
21455,2011-08,1,0.85
21455,2011-09,1,0.85
21455,2011-11,3,2.55
21456,2011-04,3,3.75
21461,2011-03,4,7.8
21462,2011-08,2,13.5
21462,2011-10,2,13.5
21462,2011-11,3,20.25
21464,2011-05,4,17.0
21464,2011-12,3,12.75
21465,2010-12,2,7.5
21467,2011-11,3,14.96
21467,2011-12,1,3.75
21468,2011-01,3,11.25
21468,2011-09,4,18.71
21468,2011-10,3,11.25
21468,2011-11,3,14.96
21469,2011-11,3,11.25
21472,2011-07,1,3.75
21473,2010-12,1,19.95
21473,2011-02,1,19.95
21473,2011-03,2,39.9
21473,2011-05,3,59.849999999999994
21473,2011-06,2,39.9
21473,2011-07,2,39.9
21473,2011-08,1,19.95
21473,2011-09,2,39.9
21473,2011-10,2,39.9
21473,2011-11,1,19.95
21476,2011-01,2,29.9
21476,2011-02,1,14.95
21476,2011-03,1,14.95
21476,2011-07,1,14.95
21476,2011-08,2,29.9
21476,2011-10,3,44.849999999999994
21484,2011-05,4,13.8
21484,2011-06,3,10.350000000000001
21488,2010-12,3,11.850000000000001
21527,2011-04,2,15.9
21527,2011-05,1,7.95
21530,2010-12,2,5.9
21530,2011-12,2,1.58
21537,2011-09,4,17.0
21539,2011-11,1,4.95
21555,2011-01,4,10.2
21555,2011-07,1,2.55
21555,2011-09,1,2.55
21556,2011-09,1,2.55
21556,2011-11,4,10.2
21557,2011-06,2,5.9
21557,2011-09,2,8.74
21562,2011-01,1,1.25
21562,2011-04,1,1.25
21563,2011-10,4,11.8
21578,2011-09,2,4.5
21578,2011-11,1,2.25
21579,2011-07,1,2.25
21579,2011-11,3,6.75
21580,2011-08,4,9.0
21580,2011-09,3,6.75
21581,2011-08,3,6.75
21613,2011-06,3,8.850000000000001
21613,2011-07,2,5.9
21613,2011-08,2,5.9
21615,2011-02,1,3.75
21616,2011-03,3,11.25
21616,2011-05,2,7.5
21616,2011-08,3,11.25
21616,2011-09,1,3.75
21618,2011-04,2,7.5
21618,2011-05,2,7.5
21618,2011-08,1,3.75
21619,2011-09,4,15.0
21620,2011-02,1,3.75
21620,2011-09,2,7.5
21622,2011-11,3,14.850000000000001
21622,2011-12,4,19.8
21624,2011-07,1,5.95
21626,2011-06,3,5.85
21626,2011-08,3,5.85
21627,2010-12,4,59.8
21627,2011-03,2,29.9
21627,2011-04,1,14.95
21627,2011-05,4,59.8
21627,2011-06,4,59.8
21627,2011-09,1,14.95
21627,2011-10,3,44.849999999999994
21628,2010-12,2,29.9
21628,2011-01,1,14.95
21628,2011-03,1,14.95
21628,2011-04,1,14.95
21628,2011-06,2,29.9
21628,2011-11,1,14.95
21628,2011-12,1,14.95
21629,2010-12,2,15.9
21629,2011-01,1,7.95
21629,2011-03,1,7.95
21629,2011-04,1,7.95
21629,2011-05,2,15.9
21629,2011-06,4,31.8
21629,2011-07,1,7.95
21629,2011-08,3,23.85
21629,2011-09,1,7.95
21629,2011-12,3,23.85
21630,2010-12,4,35.8
21630,2011-01,4,35.8
21630,2011-02,1,8.95
21630,2011-03,1,8.95
21630,2011-05,2,17.9
21630,2011-11,4,35.8
21630,2011-12,1,8.95
21631,2011-03,2,25.5
21631,2011-05,3,38.25
21631,2011-11,1,12.75
21633,2011-02,3,38.25
21633,2011-04,2,25.5
21633,2011-08,2,25.5
21633,2011-10,1,12.75
21635,2011-03,1,3.75
21636,2011-03,3,7.6499999999999995
21637,2011-10,1,1.25
21638,2011-02,3,6.300000000000001
21638,2011-12,3,6.300000000000001
21641,2011-05,1,0.85
21644,2011-04,1,1.25
21644,2011-10,4,5.0
21647,2011-06,1,2.1
21647,2011-07,4,8.4
21647,2011-10,1,2.1
21648,2011-04,3,3.75
21648,2011-07,2,2.5
21651,2011-01,4,6.6
21654,2011-09,4,1.56
21657,2011-02,4,27.8
21661,2011-01,1,5.95
21661,2011-02,2,11.9
21662,2011-01,1,5.95
21662,2011-03,3,17.85
21662,2011-04,1,5.95
21662,2011-05,1,5.95
21662,2011-07,2,11.9
21662,2011-08,2,11.9
21664,2011-02,1,3.75
21664,2011-03,4,15.0
21664,2011-04,4,15.0
21664,2011-05,4,15.0
21664,2011-10,3,11.25
21667,2011-01,2,29.9
21676,2011-02,3,2.55
21678,2011-03,1,0.85
21681,2011-02,2,19.9
21682,2011-05,4,19.8
21682,2011-12,1,4.95
21683,2011-06,2,5.9
21684,2011-03,4,3.4
21686,2010-12,1,39.95
21686,2011-01,3,119.85000000000001
21686,2011-02,2,79.9
21686,2011-03,4,159.8
21686,2011-04,1,39.95
21686,2011-08,2,79.9
21686,2011-09,2,79.9
21686,2011-10,1,39.95
21689,2011-02,4,15.0
21689,2011-08,2,7.5
21689,2011-09,3,11.25
21689,2011-11,3,11.25
21692,2011-01,2,7.5
21696,2011-10,2,5.9
21698,2010-12,2,1.7
21698,2011-06,1,0.85
21700,2011-11,2,1.7
21706,2011-04,1,4.95
21707,2010-12,4,19.8
21707,2011-01,4,19.8
21707,2011-02,4,19.8
21707,2011-04,4,19.8
21708,2010-12,4,19.8
21708,2011-01,4,19.8
21709,2010-12,4,19.8
21709,2011-01,4,19.8
21709,2011-02,1,4.95
21710,2010-12,3,14.850000000000001
21710,2011-04,1,4.95
21710,2011-05,1,4.95
21710,2011-06,4,19.8
21710,2011-07,1,4.95
21711,2010-12,3,14.850000000000001
21711,2011-01,1,4.95
21711,2011-02,1,4.95
21711,2011-05,1,4.95
21711,2011-07,2,9.9
21713,2011-12,3,6.300000000000001
21714,2010-12,1,1.25
21715,2011-12,2,5.1
21716,2011-12,3,7.6499999999999995
21719,2011-07,1,0.85
21720,2011-01,3,2.55
21721,2011-02,4,3.4
21721,2011-10,4,3.4
21722,2011-03,2,1.7
21722,2011-04,4,3.4
21722,2011-05,1,0.85
21722,2011-07,1,0.85
21722,2011-10,4,3.4
21722,2011-11,1,0.85
21723,2011-12,1,0.85
21724,2011-12,1,0.85
21725,2011-08,1,0.85
21725,2011-09,2,1.7
21725,2011-10,3,2.55
21726,2011-07,1,0.85
21726,2011-08,1,0.85
21726,2011-09,2,1.7
21736,2011-01,2,4.2
21738,2011-01,2,5.9
21738,2011-03,2,5.9
21738,2011-04,1,2.95
21738,2011-07,1,2.95
21738,2011-08,2,5.9
21738,2011-10,4,11.8
21739,2011-12,1,2.95
21741,2011-01,2,5.9
21741,2011-06,1,2.95
21742,2011-03,3,17.85
21743,2011-03,2,5.9
21743,2011-08,2,5.9
21743,2011-09,2,5.9
21744,2011-07,3,8.850000000000001
21747,2010-12,1,1.25
21749,2011-10,2,4.2
21750,2011-10,3,6.300000000000001
21757,2011-01,4,19.8
21757,2011-02,2,9.9
21758,2011-01,2,12.9
21758,2011-02,1,6.45
21758,2011-03,4,25.8
21758,2011-07,3,19.35
21758,2011-08,2,12.9
21758,2011-10,2,12.9
21761,2010-12,2,59.9
21761,2011-01,1,29.95
21761,2011-02,1,29.95
21761,2011-03,1,29.95
21761,2011-05,1,29.95
21761,2011-08,1,29.95
21761,2011-09,1,29.95
21761,2011-11,1,29.95
21761,2011-12,1,29.95
21763,2011-01,2,59.9
21763,2011-05,3,89.85
21763,2011-07,1,20.0
21773,2011-08,4,5.0
21774,2011-02,1,1.25
21775,2011-03,4,5.0
21775,2011-08,3,3.75
21781,2011-07,1,14.95
21784,2011-02,2,19.9
21784,2011-04,1,9.95
21784,2011-05,2,19.9
21784,2011-06,3,29.849999999999998
21784,2011-07,3,29.849999999999998
21784,2011-08,2,19.9
21784,2011-09,1,9.95
21785,2010-12,3,2.55
21785,2011-01,1,0.85
21786,2011-02,4,1.68
21788,2011-04,3,2.55
21792,2010-12,3,20.25
21792,2011-01,4,27.0
21792,2011-02,3,20.25
21792,2011-08,1,3.95
21793,2010-12,1,6.75
21793,2011-01,1,6.75
21793,2011-04,3,11.850000000000001
21794,2010-12,3,20.25
21794,2011-02,4,27.0
21794,2011-03,4,27.0
21804,2011-12,4,15.0
21808,2011-02,2,7.5
21808,2011-07,2,7.5
21808,2011-12,2,2.5
21809,2011-01,2,2.5
21809,2011-06,1,1.25
21810,2011-08,4,5.0
21811,2011-03,2,2.5
21812,2011-04,3,14.850000000000001
21812,2011-07,1,4.95
21812,2011-12,3,14.850000000000001
21813,2011-07,1,4.95
21813,2011-12,1,4.95
21814,2011-09,2,2.9
21814,2011-10,4,5.8
21815,2011-04,2,2.9
21816,2010-12,2,2.9
21818,2011-03,3,2.55
21820,2011-08,2,7.5
21823,2011-02,3,4.35
21823,2011-03,2,2.9
21823,2011-07,1,1.45
21823,2011-11,3,1.17
21827,2011-03,1,1.25
21828,2010-12,2,2.5
21828,2011-04,1,1.25
21828,2011-08,2,2.5
21830,2011-11,1,0.83
21836,2010-12,1,3.75
21836,2011-01,2,7.5
21839,2011-03,1,5.45
21841,2011-03,1,4.25
21841,2011-06,2,8.5
21841,2011-07,2,8.5
21841,2011-08,1,4.25
21844,2011-12,2,5.9
21846,2011-02,2,9.9
21846,2011-03,3,14.850000000000001
21846,2011-06,3,14.850000000000001
21846,2011-07,3,14.850000000000001
21846,2011-08,1,4.95
21846,2011-10,4,29.819999999999997
21846,2011-12,2,9.9
21847,2011-03,3,14.850000000000001
21847,2011-07,1,4.95
21847,2011-09,3,14.850000000000001
21847,2011-10,1,4.95
21847,2011-11,1,4.95
21849,2011-02,1,4.95
21849,2011-03,3,14.850000000000001
21849,2011-05,1,4.95
21849,2011-06,2,9.9
21849,2011-07,3,14.850000000000001
21849,2011-09,2,9.9
21849,2011-10,2,9.9
21849,2011-12,3,14.850000000000001
21850,2011-03,3,14.850000000000001
21850,2011-06,1,4.95
21850,2011-09,1,4.95
21850,2011-10,4,19.8
21850,2011-12,3,14.850000000000001
21851,2011-03,3,14.850000000000001
21851,2011-04,1,4.95
21851,2011-06,2,9.9
21851,2011-07,1,4.95
21851,2011-08,1,4.95
21851,2011-09,4,23.14
21851,2011-11,2,13.239999999999998
21865,2011-09,2,4.2
21865,2011-10,3,6.300000000000001
21865,2011-12,2,4.2
21867,2011-09,2,2.5
21868,2011-09,4,13.16
21868,2011-10,2,6.58
21868,2011-12,2,6.58
21870,2011-06,1,1.25
21873,2011-08,4,5.0
21878,2010-12,4,3.4
21878,2011-09,4,3.4
21878,2011-12,1,0.85
21879,2011-03,4,2.6
21879,2011-05,1,0.65
21879,2011-08,3,1.9500000000000002
21882,2011-04,3,1.9500000000000002
21882,2011-07,1,0.65
21884,2011-08,3,1.9500000000000002
21888,2011-12,1,3.75
21895,2010-12,1,4.25
21896,2011-10,2,4.2
21898,2011-02,2,5.9
21904,2011-01,2,4.2
21904,2011-02,3,6.300000000000001
21906,2011-12,4,27.0
21910,2010-12,3,4.949999999999999
21910,2011-01,2,3.3
21925,2011-01,4,5.0
21925,2011-11,1,1.25
21925,2011-12,4,5.0
21926,2011-10,4,5.0
21937,2011-11,1,2.95
21937,2011-12,4,11.8
21942,2011-04,1,0.85
21942,2011-07,3,2.55
21943,2010-12,2,1.7
21943,2011-01,1,0.85
21943,2011-09,2,1.7
21943,2011-11,1,0.85
21944,2010-12,4,3.4
21944,2011-03,1,0.85
21944,2011-10,4,3.4
21945,2011-03,1,0.85
21945,2011-04,1,0.85
21945,2011-12,1,0.39
21946,2010-12,2,1.7
21946,2011-09,2,1.7
21946,2011-11,2,1.7
21947,2011-06,4,5.0
21947,2011-07,2,2.5
21947,2011-08,1,1.25
21947,2011-12,3,4.96
21948,2011-04,4,5.0
21948,2011-12,3,7.38
21949,2011-12,2,3.71
21973,2011-02,1,1.45
21973,2011-07,1,1.45
21973,2011-10,2,2.9
21990,2011-02,4,11.8
21990,2011-03,2,5.9
21991,2010-12,2,5.9
21991,2011-03,1,2.95
21991,2011-04,4,11.8
21992,2011-05,1,2.95
22034,2010-12,3,1.26
22035,2011-10,1,0.83
22053,2011-05,2,2.5
22053,2011-08,2,2.5
22057,2011-04,4,5.96
22057,2011-08,4,5.96
22057,2011-09,4,5.96
22060,2011-02,2,19.9
22061,2011-08,2,19.9
22062,2011-02,2,5.9
22063,2011-09,2,5.9
22065,2011-03,1,1.45
22067,2011-09,4,6.6
22068,2011-02,3,4.949999999999999
22069,2011-05,2,3.3
22069,2011-07,1,1.65
22069,2011-08,2,3.3
22070,2011-12,3,11.25
22071,2011-02,4,15.0
22071,2011-07,1,3.75
22073,2011-05,4,15.0
22074,2011-02,4,6.6
22074,2011-07,1,1.65
22075,2011-01,2,3.3
22075,2011-02,4,6.6
22076,2011-05,4,6.6
22078,2011-05,3,6.300000000000001
22080,2011-07,1,1.65
22085,2011-12,3,8.850000000000001
22086,2011-02,2,5.9
22088,2011-07,1,2.95
22091,2011-02,1,1.25
22091,2011-06,2,2.5
22092,2011-03,2,2.5
22093,2011-02,3,3.75
22093,2011-04,2,2.5
22095,2011-02,2,2.5
22095,2011-06,1,1.25
22096,2011-02,2,2.5
22096,2011-03,1,1.25
22096,2011-05,2,2.5
22097,2011-02,2,2.5
22097,2011-05,3,3.75
22098,2011-02,3,3.75
22099,2011-02,2,2.5
22099,2011-05,2,2.5
22100,2011-01,2,2.5
22100,2011-02,1,1.25
22100,2011-03,1,1.25
22102,2011-02,3,4.949999999999999
22102,2011-07,2,3.3
22103,2011-01,1,1.65
22104,2011-04,1,1.45
22105,2010-12,4,17.0
22105,2011-01,2,8.5
22105,2011-02,4,17.0
22105,2011-09,2,8.5
22106,2011-04,2,13.5
22106,2011-06,4,27.0
22106,2011-11,4,23.8
22106,2011-12,2,13.5
22107,2011-06,4,15.0
22108,2011-04,1,3.75
22108,2011-08,4,15.0
22110,2011-04,4,10.2
22114,2011-01,1,3.95
22114,2011-03,2,7.9
22116,2011-03,2,5.9
22117,2011-05,4,11.8
22118,2011-03,3,14.850000000000001
22118,2011-04,1,4.95
22118,2011-05,2,9.9
22118,2011-08,2,9.9
22119,2011-01,2,13.9
22119,2011-02,3,20.85
22121,2011-02,3,17.85
22121,2011-04,1,5.95
22123,2011-01,1,5.95
22124,2011-06,2,5.9
22124,2011-08,3,8.850000000000001
22124,2011-11,3,7.38
22125,2011-11,4,23.8
22129,2011-12,1,2.46
22132,2011-09,4,3.4
22134,2011-09,3,1.67
22135,2011-03,3,1.26
22136,2011-06,2,3.3
22137,2010-12,1,2.95
22137,2011-08,4,11.8
22141,2011-06,1,2.1
22146,2011-01,1,1.95
22148,2011-07,2,3.9
22148,2011-10,3,5.85
22153,2011-01,1,0.42
22153,2011-07,2,0.84
22158,2011-03,2,5.9
22162,2011-05,3,8.850000000000001
22162,2011-08,4,11.8
22162,2011-10,3,8.850000000000001
22163,2011-02,1,2.95
22163,2011-03,1,2.95
22163,2011-05,1,2.95
22163,2011-06,2,5.9
22164,2011-01,2,5.9
22164,2011-06,2,5.9
22165,2011-01,4,51.0
22165,2011-02,1,12.75
22165,2011-03,4,51.0
22165,2011-04,4,51.0
22165,2011-06,1,12.75
22165,2011-09,1,12.75
22166,2011-01,1,7.95
22166,2011-02,2,15.9
22166,2011-03,1,7.95
22166,2011-04,3,23.85
22166,2011-05,1,7.95
22166,2011-06,1,7.95
22166,2011-07,2,15.9
22166,2011-08,2,15.9
22166,2011-09,4,31.8
22166,2011-11,1,7.95
22167,2011-02,4,39.8
22167,2011-08,2,19.9
22167,2011-12,2,19.9
22182,2011-03,4,19.8
22182,2011-05,1,4.95
22183,2011-02,4,23.25
22183,2011-04,3,20.25
22183,2011-07,1,6.75
22183,2011-11,1,6.75
22184,2010-12,2,17.0
22185,2011-01,4,6.6
22186,2011-02,1,2.95
22186,2011-04,1,2.95
22186,2011-07,2,5.9
22187,2011-01,1,4.25
22187,2011-04,4,17.0
22187,2011-07,1,4.25
22190,2011-04,1,2.1
22190,2011-08,3,6.300000000000001
22194,2010-12,4,34.0
22194,2011-04,3,25.5
22194,2011-07,1,8.5
22199,2011-06,3,12.75
22201,2010-12,2,8.5
22201,2011-01,2,8.5
22201,2011-02,4,17.0
22201,2011-04,3,12.75
22201,2011-06,3,12.75
22201,2011-07,4,17.0
22201,2011-10,2,8.5
22202,2011-02,3,11.25
22202,2011-03,1,3.75
22202,2011-05,1,3.75
22203,2011-07,2,7.5
22204,2010-12,1,3.75
22204,2011-05,1,3.75
22204,2011-06,4,15.0
22204,2011-11,4,15.0
22210,2011-01,2,3.3
22211,2011-03,3,4.949999999999999
22214,2011-02,1,2.55
22214,2011-04,4,10.2
22214,2011-05,1,2.55
22214,2011-09,1,2.55
22214,2011-10,2,5.1
22216,2011-08,4,3.4
22216,2011-09,1,0.85
22218,2010-12,1,4.25
22220,2010-12,1,9.95
22221,2010-12,4,39.8
22221,2011-02,4,39.8
22221,2011-04,4,39.8
22221,2011-07,2,19.9
22221,2011-09,3,29.849999999999998
22221,2011-11,4,39.8
22222,2011-12,2,9.9
22223,2011-06,2,9.9
22223,2011-09,3,14.850000000000001
22223,2011-12,3,14.850000000000001
22228,2010-12,2,1.7
22228,2011-08,2,0.78
22229,2010-12,1,0.85
22229,2011-12,3,1.17
22230,2011-01,4,3.4
22230,2011-08,4,1.16
22230,2011-12,2,0.58
22232,2011-05,1,1.65
22233,2010-12,3,4.949999999999999
22233,2011-05,1,1.65
22236,2011-07,3,38.25
22241,2011-05,2,2.5
22241,2011-06,1,1.25
22241,2011-07,1,1.25
22241,2011-08,1,1.25
22241,2011-10,3,3.75
22243,2011-10,2,3.3
22245,2011-09,1,0.85
22247,2011-06,1,0.85
22247,2011-11,2,1.7
22249,2011-05,3,2.55
22249,2011-11,3,2.55
22250,2011-06,1,0.85
22251,2011-05,3,3.75
22251,2011-06,2,2.5
22251,2011-08,1,1.25
22251,2011-10,3,3.75
22254,2011-05,1,1.25
22255,2011-05,2,1.7
22255,2011-06,2,1.7
22255,2011-07,2,1.7
22256,2010-12,3,3.75
22259,2011-02,1,1.25
22259,2011-04,1,1.25
22260,2011-09,4,4.18
22261,2010-12,2,1.7
22261,2011-09,4,4.18
22261,2011-12,2,3.26
22263,2011-09,4,4.18
22265,2011-06,1,0.65
22267,2011-08,1,0.39
22269,2011-05,1,1.25
22270,2011-09,2,7.5
22270,2011-10,1,3.75
22276,2011-11,3,7.6499999999999995
22277,2011-02,1,2.1
22278,2011-12,4,19.8
22279,2010-12,3,3.75
22280,2010-12,3,3.75
22280,2011-07,3,3.75
22280,2011-12,1,1.25
22281,2011-11,2,11.9
22281,2011-12,2,11.9
22282,2010-12,2,25.5
22282,2011-05,3,38.25
22282,2011-08,4,51.0
22282,2011-12,2,25.5
22286,2010-12,2,3.3
22286,2011-12,1,0.39
22287,2011-12,1,0.39
22288,2011-11,3,3.75
22289,2011-07,4,5.0
22289,2011-11,1,1.25
22291,2011-11,2,2.9
22292,2011-10,3,4.35
22306,2011-07,1,1.25
22308,2011-02,3,7.6499999999999995
22308,2011-04,4,10.2
22308,2011-08,1,2.55
22309,2011-07,1,2.55
22310,2011-06,2,3.3
22312,2011-02,1,2.95
22313,2011-02,3,8.850000000000001
22313,2011-05,2,5.9
22314,2011-02,1,2.95
22315,2011-12,2,2.5
22316,2011-02,2,2.5
22316,2011-07,4,5.0
22316,2011-09,2,2.5
22316,2011-12,3,3.75
22318,2011-12,2,5.9
22320,2010-12,3,17.85
22320,2011-01,1,5.95
22320,2011-12,3,17.85
22322,2011-11,2,1.7
22323,2011-01,1,1.95
22324,2011-01,1,1.95
22324,2011-03,2,3.9
22324,2011-04,2,3.9
22324,2011-12,1,4.13
22325,2010-12,3,14.850000000000001
22325,2011-05,1,4.95
22329,2010-12,2,3.3
22329,2011-12,4,6.6
22336,2011-01,3,1.9500000000000002
22337,2011-12,4,2.6
22341,2011-12,3,9.870000000000001
22345,2011-02,3,2.55
22345,2011-10,2,1.7
22353,2011-05,1,2.55
22359,2011-12,3,11.690000000000001
22361,2010-12,1,2.95
22361,2011-12,4,11.8
22362,2011-12,3,8.850000000000001
22363,2010-12,1,2.95
22363,2011-12,3,8.850000000000001
22364,2011-12,4,14.64
22366,2011-12,4,33.0
22372,2011-02,3,12.75
22372,2011-05,2,8.5
22377,2011-12,2,4.2
22378,2011-12,1,4.13
22390,2011-03,2,5.1
22391,2011-06,1,2.55
22391,2011-09,4,10.2
22394,2011-03,2,5.1
22394,2011-05,2,5.1
22394,2011-09,3,7.6499999999999995
22399,2011-11,4,5.0
22400,2011-01,1,1.25
22403,2011-02,4,5.0
22403,2011-04,3,3.75
22406,2011-04,1,1.25
22406,2011-06,2,2.5
22406,2011-07,3,3.75
22407,2010-12,1,1.25
22407,2011-03,3,3.75
22407,2011-07,4,5.0
22407,2011-09,3,4.96
22408,2011-02,2,2.5
22408,2011-06,1,1.25
22408,2011-07,1,1.25
22408,2011-09,2,2.5
22409,2011-02,2,2.5
22409,2011-06,2,2.5
22409,2011-07,3,3.75
22409,2011-11,4,5.0
22409,2011-12,3,3.75
22410,2011-05,3,3.75
22410,2011-07,4,5.0
22410,2011-08,2,2.5
22414,2011-06,2,15.9
22425,2011-12,2,9.9
22428,2011-12,1,6.95
22430,2011-12,2,9.9
22438,2011-06,3,5.85
22438,2011-09,1,1.95
22442,2011-07,3,23.85
22443,2011-07,3,23.85
22443,2011-08,2,15.9
22446,2010-12,3,10.05
22446,2011-02,2,6.7
22446,2011-03,3,10.05
22446,2011-06,1,3.35
22447,2011-03,3,10.05
22447,2011-06,1,3.35
22447,2011-09,1,3.35
22447,2011-10,2,6.7
22448,2010-12,1,3.35
22448,2011-02,1,3.35
22450,2011-04,3,10.05
22450,2011-05,3,10.05
22450,2011-06,4,13.4
22450,2011-10,3,10.05
22451,2011-02,3,10.05
22451,2011-04,3,10.05
22451,2011-05,3,10.05
22452,2011-02,4,11.8
22452,2011-04,1,2.95
22452,2011-12,2,5.9
22454,2011-04,3,8.850000000000001
22454,2011-06,1,2.95
22454,2011-08,2,5.9
22454,2011-09,3,8.850000000000001
22459,2010-12,4,10.2
22461,2011-03,1,12.75
22461,2011-06,3,38.25
22469,2011-04,2,3.3
22470,2011-04,2,5.9
22471,2011-09,4,19.8
22472,2011-04,3,14.850000000000001
22472,2011-07,1,4.95
22472,2011-09,1,10.79
22473,2011-03,3,14.850000000000001
22473,2011-06,4,19.8
22473,2011-07,1,4.95
22473,2011-09,4,25.64
22474,2011-04,2,9.9
22474,2011-08,4,19.8
22474,2011-09,4,19.8
22476,2011-03,2,9.9
22476,2011-06,3,14.850000000000001
22479,2011-12,3,3.75
22482,2011-07,3,3.75
22486,2011-02,4,51.0
22486,2011-08,2,25.5
22486,2011-09,1,12.75
22486,2011-11,1,8.29
22495,2011-04,1,2.95
22495,2011-08,2,5.9
22496,2011-02,4,11.8
22496,2011-06,3,8.850000000000001
22497,2011-07,1,4.25
22497,2011-12,1,4.25
22498,2010-12,4,23.8
22498,2011-12,3,17.85
22501,2011-09,1,9.95
22502,2011-07,3,17.85
22503,2011-04,1,29.95
22503,2011-06,3,89.85
22503,2011-07,1,29.95
22503,2011-11,3,79.85
22504,2011-03,3,89.85
22504,2011-05,1,29.95
22504,2011-06,3,89.85
22504,2011-12,3,89.85
22509,2011-02,3,50.849999999999994
22509,2011-04,2,33.9
22509,2011-06,4,67.8
22509,2011-08,3,50.849999999999994
22509,2011-09,4,67.8
22510,2011-05,4,15.0
22510,2011-06,2,7.5
22510,2011-09,4,15.0
22511,2011-07,1,3.75
22511,2011-08,3,11.25
22511,2011-10,1,3.75
22512,2011-07,2,7.5
22512,2011-08,3,11.25
22513,2011-07,1,3.75
22514,2011-08,1,2.1
22514,2011-09,3,6.300000000000001
22514,2011-10,4,8.4
22515,2011-09,3,6.300000000000001
22515,2011-12,3,6.300000000000001
22516,2011-07,2,4.2
22516,2011-11,2,4.2
22517,2011-09,4,8.4
22517,2011-10,2,4.2
22517,2011-12,2,4.2
22520,2010-12,2,1.7
22521,2010-12,2,1.7
22521,2011-05,3,2.55
22522,2011-12,1,0.85
22526,2010-12,1,12.75
22526,2011-08,1,12.75
22526,2011-12,1,12.75
22529,2011-07,2,0.84
22532,2011-01,2,0.84
22532,2011-02,2,0.84
22532,2011-04,4,1.68
22532,2011-05,2,0.84
22533,2011-02,1,0.42
22533,2011-05,4,1.68
22538,2011-03,2,0.84
22538,2011-05,1,0.42
22538,2011-08,1,0.42
22538,2011-10,4,1.68
22541,2011-06,4,1.68
22541,2011-07,4,1.68
22541,2011-08,4,1.68
22541,2011-12,4,1.4
22543,2011-03,3,1.26
22546,2011-02,1,0.42
22546,2011-05,1,0.42
22547,2011-07,4,1.68
22559,2011-07,3,3.75
22559,2011-10,3,6.17
22559,2011-12,2,4.92
22565,2011-12,4,4.18
22575,2011-12,1,1.95
22579,2011-08,1,0.85
22580,2011-05,3,17.85
22583,2011-12,1,2.55
22586,2011-04,3,2.55
22587,2011-07,3,2.55
22589,2011-01,2,5.1
22589,2011-07,1,2.55
22589,2011-12,3,14.879999999999999
22593,2011-06,2,1.7
22597,2011-08,3,2.55
22606,2011-11,1,15.95
22606,2011-12,4,63.8
22611,2011-08,4,19.8
22618,2011-02,2,19.9
22618,2011-05,1,9.95
22627,2011-03,1,8.5
22627,2011-04,1,0.76
22628,2010-12,4,19.8
22632,2011-04,1,2.1
22632,2011-05,3,6.300000000000001
22633,2011-06,1,2.1
22638,2011-07,1,2.55
22640,2011-04,4,10.2
22640,2011-06,1,2.55
22640,2011-07,1,2.55
22640,2011-08,1,2.55
22641,2011-03,1,2.55
22641,2011-05,2,5.1
22641,2011-08,1,2.55
22641,2011-09,2,5.1
22641,2011-12,3,2.37
22642,2011-07,2,5.1
22643,2011-04,2,5.1
22643,2011-09,1,2.55
22647,2011-06,4,5.8
22647,2011-10,4,5.8
22655,2011-02,3,545.0
22655,2011-05,4,670.0
22655,2011-07,2,250.0
22655,2011-09,3,375.0
22655,2011-10,3,150.0
22655,2011-11,1,125.0
22656,2011-01,1,125.0
22656,2011-02,2,250.0
22656,2011-04,2,420.0
22656,2011-05,1,125.0
22656,2011-06,4,500.0
22656,2011-10,1,50.0
22684,2010-12,3,3.75
22687,2011-06,4,31.8
22687,2011-10,1,8.25
22687,2011-12,4,66.52
22688,2011-01,1,7.95
22688,2011-10,3,24.75
22688,2011-12,1,8.25
22691,2010-12,1,7.95
22695,2011-02,2,2.9
22695,2011-06,2,2.9
22695,2011-08,2,2.9
22696,2011-06,2,3.9
22696,2011-07,1,1.95
22700,2011-07,2,5.9
22700,2011-08,1,2.95
22700,2011-10,3,8.850000000000001
22701,2011-06,3,8.850000000000001
22701,2011-09,3,7.87
22701,2011-10,3,8.36
22702,2011-07,4,8.4
22702,2011-11,4,8.4
22703,2010-12,1,2.1
22703,2011-04,4,8.4
22703,2011-06,1,2.1
22703,2011-09,2,3.26
22720,2011-05,1,4.95
22734,2010-12,1,2.55
22734,2011-06,2,5.78
22735,2011-12,4,13.16
22756,2011-03,3,3.75
22761,2011-02,3,74.85
22761,2011-04,2,49.9
22761,2011-07,1,24.95
22761,2011-08,1,24.95
22761,2011-09,1,24.95
22761,2011-11,3,68.85
22761,2011-12,1,24.95
22762,2011-02,2,29.9
22764,2011-03,3,74.85
22770,2011-01,4,59.8
22770,2011-04,4,59.8
22770,2011-07,3,44.849999999999994
22770,2011-12,2,29.9
22782,2011-03,3,74.85
22782,2011-05,2,49.9
22782,2011-08,2,49.9
22782,2011-09,4,99.8
22782,2011-10,4,99.8
22785,2011-04,4,27.0
22785,2011-06,3,20.25
22785,2011-07,2,13.5
22785,2011-08,1,6.75
22786,2011-04,4,23.8
22786,2011-07,2,11.9
22786,2011-08,1,5.95
22788,2011-06,1,9.95
22797,2011-06,3,50.849999999999994
22797,2011-12,2,50.239999999999995
22799,2010-12,1,8.5
22802,2011-03,4,79.8
22802,2011-05,1,19.95
22802,2011-07,2,39.9
22802,2011-08,2,39.9
22802,2011-09,2,39.9
22802,2011-10,4,79.8
22803,2011-01,3,111.45
22803,2011-02,1,39.95
22803,2011-04,2,79.9
22803,2011-05,1,39.95
22803,2011-06,2,79.9
22803,2011-07,3,119.85000000000001
22803,2011-10,1,39.95
22803,2011-11,1,39.95
22806,2011-08,1,2.95
22808,2011-11,1,2.95
22810,2011-06,4,11.8
22811,2011-07,4,11.8
22812,2011-12,4,7.8
22822,2011-12,2,11.9
22823,2010-12,1,125.0
22823,2011-02,1,125.0
22823,2011-03,1,125.0
22823,2011-04,1,125.0
22823,2011-05,2,220.0
22823,2011-06,1,125.0
22823,2011-08,3,345.0
22823,2011-09,3,345.0
22823,2011-11,4,440.0
22824,2010-12,2,71.9
22824,2011-01,3,107.85000000000001
22824,2011-02,4,143.8
22824,2011-07,2,71.9
22824,2011-10,1,35.95
22824,2011-11,1,35.95
22825,2010-12,3,23.85
22825,2011-01,3,23.85
22825,2011-02,3,23.85
22825,2011-07,2,15.9
22825,2011-08,4,31.8
22825,2011-09,2,15.9
22825,2011-11,2,15.9
22826,2010-12,2,350.0
22826,2011-03,3,585.0
22826,2011-04,3,585.0
22826,2011-05,3,585.0
22826,2011-06,1,195.0
22826,2011-10,4,340.0
22827,2010-12,3,455.0
22827,2011-01,3,495.0
22827,2011-04,2,290.0
22827,2011-05,3,455.0
22827,2011-06,1,165.0
22827,2011-08,1,165.0
22827,2011-09,4,620.0
22827,2011-10,4,580.0
22827,2011-11,2,330.0
22828,2010-12,1,165.0
22828,2011-02,2,290.0
22828,2011-03,3,455.0
22828,2011-05,1,165.0
22828,2011-09,1,165.0
22828,2011-11,2,290.0
22829,2011-11,1,9.95
22830,2011-01,2,20.0
22832,2011-07,4,43.0
22833,2011-01,1,49.95
22833,2011-02,1,49.95
22834,2011-05,3,6.300000000000001
22834,2011-06,4,8.4
22834,2011-07,4,8.4
22837,2011-05,4,18.6
22837,2011-06,1,4.65
22839,2011-12,2,29.9
22841,2011-12,3,23.85
22846,2011-04,2,21.95
22847,2011-04,1,16.95
22849,2011-10,1,16.95
22854,2011-09,2,9.9
22858,2011-10,3,4.949999999999999
22860,2010-12,2,3.3
22860,2011-10,3,4.949999999999999
22863,2011-10,2,5.9
22865,2011-05,3,6.300000000000001
22865,2011-07,2,4.2
22866,2011-01,1,2.1
22866,2011-03,1,2.1
22866,2011-04,1,2.1
22866,2011-05,3,6.300000000000001
22867,2011-02,1,2.1
22867,2011-03,3,6.300000000000001
22867,2011-04,4,8.4
22868,2011-05,1,1.95
22868,2011-07,3,5.85
22868,2011-08,2,3.9
22869,2011-01,1,1.95
22869,2011-06,1,1.95
22869,2011-07,3,5.85
22869,2011-08,2,3.9
22869,2011-09,2,3.9
22869,2011-10,1,1.95
22869,2011-11,2,3.9
22870,2011-01,1,1.95
22870,2011-06,3,5.85
22870,2011-07,3,5.85
22870,2011-08,2,3.9
22870,2011-09,1,1.95
22870,2011-11,1,1.95
22871,2011-07,3,5.85
22871,2011-10,2,3.9
22872,2011-01,1,1.95
22872,2011-06,1,1.95
22872,2011-07,3,5.85
22872,2011-08,1,1.95
22873,2011-08,1,1.95
22873,2011-10,1,1.95
22874,2011-09,1,1.95
22875,2011-05,1,1.95
22875,2011-08,2,3.9
22875,2011-09,1,1.95
22876,2011-07,3,5.85
22876,2011-08,1,1.95
22877,2011-01,2,3.9
22877,2011-07,3,5.85
22878,2011-08,4,8.4
22879,2011-02,2,3.9
22879,2011-03,2,3.9
22879,2011-06,2,3.9
22879,2011-08,2,3.9
22879,2011-09,2,3.9
22880,2011-02,2,3.9
22880,2011-03,4,7.8
22880,2011-06,2,3.9
22880,2011-08,4,7.8
22880,2011-11,2,3.9
22881,2011-05,2,3.9
22881,2011-06,4,7.8
22881,2011-09,2,3.9
22881,2011-11,2,3.9
22882,2011-02,2,3.9
22882,2011-03,4,7.8
22882,2011-04,1,1.95
22882,2011-05,2,3.9
22882,2011-06,3,5.85
22882,2011-09,2,3.9
22882,2011-11,3,5.85
22882,2011-12,2,3.9
22883,2011-04,1,1.95
22883,2011-06,2,3.9
22883,2011-08,2,3.9
22883,2011-09,2,3.9
22883,2011-10,1,1.95
22884,2011-02,2,3.9
22884,2011-03,4,7.8
22884,2011-06,3,5.85
22884,2011-08,2,3.9
22884,2011-09,3,5.85
22884,2011-10,1,1.95
22884,2011-11,2,3.9
22885,2011-04,1,1.95
22885,2011-08,2,3.9
22885,2011-09,2,3.9
22885,2011-11,2,3.9
22886,2011-02,2,3.9
22886,2011-06,2,3.9
22886,2011-07,1,1.95
22886,2011-08,3,5.85
22886,2011-12,1,1.95
22887,2011-02,2,3.9
22887,2011-03,2,3.9
22887,2011-06,2,3.9
22887,2011-08,2,3.9
22887,2011-09,4,7.8
22887,2011-12,1,1.95
22888,2011-02,2,3.9
22888,2011-06,4,7.8
22888,2011-08,2,3.9
22888,2011-09,2,3.9
22888,2011-11,1,1.95
22889,2011-08,4,8.4
22889,2011-11,4,8.4
22890,2011-12,4,39.8
22894,2011-12,2,19.9
22913,2011-12,3,14.850000000000001
22928,2010-12,4,23.8
22929,2010-12,1,65.0
22929,2011-02,1,65.0
22929,2011-06,3,195.0
22929,2011-08,3,195.0
22929,2011-09,4,231.8
22929,2011-10,2,130.0
22932,2011-04,1,2.55
22932,2011-07,1,2.55
22933,2011-05,3,8.850000000000001
22933,2011-09,1,2.95
22933,2011-10,2,5.9
22933,2011-11,1,2.95
22933,2011-12,1,2.95
22934,2011-10,1,2.95
22935,2011-12,4,13.0
22936,2011-04,1,3.25
22936,2011-11,1,6.63
22936,2011-12,4,13.0
22938,2011-12,3,5.85
22940,2011-02,2,8.5
22940,2011-04,1,4.25
22940,2011-06,3,12.75
22941,2011-03,1,8.5
22941,2011-04,2,17.0
22942,2011-08,2,17.0
22943,2011-05,3,14.850000000000001
22943,2011-07,2,9.9
22943,2011-12,1,10.79
22946,2011-01,1,16.95
22946,2011-07,3,50.849999999999994
22947,2011-01,2,33.9
22947,2011-08,4,67.8
22952,2011-05,1,0.55
22952,2011-06,2,1.1
22953,2011-12,1,1.25
22977,2011-12,2,3.71
22978,2011-12,4,15.0
23006,2011-12,2,0.84
23008,2011-12,2,33.9
23009,2011-12,4,67.8
23010,2011-12,3,50.849999999999994
23015,2011-07,3,24.75
23015,2011-11,4,33.0
23016,2011-07,2,15.7
23016,2011-08,2,15.7
23018,2011-07,4,50.0
23018,2011-10,2,25.0
23018,2011-11,3,37.5
23019,2011-12,2,16.5
23020,2011-12,4,50.0
23021,2011-06,4,16.6
23021,2011-12,4,16.6
23024,2011-08,4,11.56
23028,2011-11,2,3.3
23033,2011-12,1,1.45
23038,2011-10,2,3.26
23038,2011-12,3,4.89
23040,2011-07,3,17.25
23040,2011-08,2,11.5
23041,2011-07,4,16.6
23042,2011-06,3,19.950000000000003
23042,2011-07,3,19.950000000000003
23042,2011-08,2,13.3
23042,2011-12,4,26.6
23043,2011-06,4,25.0
23044,2011-08,2,8.3
23044,2011-12,1,4.15
23046,2011-12,3,19.950000000000003
23048,2011-04,4,16.6
23049,2011-12,4,33.0
23050,2011-12,4,33.0
23051,2011-12,2,16.5
23052,2011-12,4,33.0
23053,2011-09,4,33.0
23053,2011-11,2,16.5
23054,2011-12,2,16.5
23055,2011-04,2,12.5
23055,2011-08,2,12.5
23056,2011-07,4,25.0
23056,2011-08,3,18.75
23060,2011-04,4,8.32
23060,2011-07,3,6.24
23064,2011-04,2,99.9
23064,2011-08,1,49.95
23067,2011-12,4,16.6
23069,2011-04,2,12.5
23069,2011-07,2,12.5
23069,2011-12,2,12.5
23070,2011-12,3,12.450000000000001
23071,2011-04,1,12.5
23071,2011-06,1,12.5
23071,2011-08,1,12.5
23072,2011-06,1,12.5
23072,2011-07,2,25.0
23073,2011-07,4,50.0
23073,2011-12,4,50.0
23091,2011-11,3,18.75
23104,2011-05,4,50.0
23104,2011-09,4,50.0
23114,2011-09,2,9.9
23115,2011-09,2,9.9
23116,2011-09,1,4.95
23116,2011-12,1,4.95
23117,2011-09,2,9.9
23117,2011-12,3,14.850000000000001
23124,2011-10,1,1.25
23125,2011-10,1,1.25
23125,2011-11,3,3.75
23130,2011-06,2,8.3
23131,2011-04,1,4.15
23131,2011-06,3,12.450000000000001
23131,2011-12,3,12.450000000000001
23134,2011-09,2,16.5
23135,2011-11,1,5.75
23137,2011-07,4,15.0
23137,2011-08,1,3.75
23137,2011-09,2,7.5
23139,2011-06,3,4.35
23139,2011-09,1,1.45
23140,2011-09,1,4.15
23140,2011-11,1,4.15
23141,2011-04,3,12.450000000000001
23141,2011-10,3,12.450000000000001
23142,2011-04,3,31.200000000000003
23142,2011-11,2,20.8
23143,2011-05,2,20.8
23143,2011-07,3,31.200000000000003
23143,2011-08,1,10.4
23143,2011-11,3,31.200000000000003
23151,2011-08,4,9.96
23151,2011-09,2,4.98
23151,2011-11,4,9.96
23152,2011-12,3,11.25
23157,2011-03,1,2.08
23162,2011-04,4,15.0
23164,2011-12,4,19.8
23178,2011-06,3,8.67
23179,2011-09,1,2.89
23179,2011-12,2,2.5
23180,2011-04,1,4.95
23216,2011-12,4,5.0
23218,2011-12,4,5.0
23219,2011-06,1,1.25
23224,2011-06,1,0.83
23253,2011-04,1,15.95
23253,2011-12,2,31.9
23268,2011-11,4,5.8
23283,2011-04,2,15.9
23284,2011-08,1,7.95
23285,2011-12,1,0.85
23306,2011-12,1,1.45
23316,2011-06,2,19.9
23317,2011-06,3,29.849999999999998
23327,2011-12,4,2.52
23357,2011-08,1,4.95
23400,2011-12,3,18.75
23410,2011-11,4,30.4
23420,2011-12,1,2.08
23421,2011-12,1,2.08
23422,2011-12,2,4.16
23427,2011-12,4,50.0
23441,2011-12,2,0.84
23444,2011-05,1,15.0
23461,2011-09,1,4.15
23462,2011-12,2,39.9
23463,2011-10,1,9.95
23463,2011-12,3,29.849999999999998
23464,2011-10,1,4.95
23464,2011-12,4,19.8
23466,2011-09,2,16.5
23466,2011-12,2,16.5
23471,2011-09,2,19.9
23471,2011-12,3,29.849999999999998
23487,2011-12,3,29.849999999999998
23496,2011-10,4,5.0
23521,2011-12,1,1.25
23528,2011-12,3,11.25
23537,2011-12,1,4.95
23538,2011-12,2,9.9
23540,2011-12,1,2.55
23557,2011-12,4,50.0
23567,2011-12,3,3.75
23574,2011-07,1,7.5
23574,2011-08,1,7.5
23574,2011-10,1,7.5
23574,2011-12,1,7.5
23630,2011-09,1,2.99
23664,2011-11,1,1.65
23702,2011-10,1,3.0
23702,2011-11,3,24.0
35001G,2011-03,2,8.5
35001G,2011-05,2,8.5
35001G,2011-08,2,8.5
35004C,2011-03,3,16.35
35004G,2010-12,4,25.4
35004G,2011-06,2,12.7
35004G,2011-08,4,25.4
35004P,2010-12,1,5.45
35095A,2011-01,1,0.42
35095A,2011-09,3,1.26
35241,2010-12,2,9.9
35241,2011-05,1,4.25
35265,2011-01,4,27.8
35265,2011-03,2,3.9
35265,2011-07,1,1.0
35265,2011-08,1,1.95
35265,2011-09,1,1.95
35265,2011-10,2,3.9
35400,2010-12,1,8.95
35400,2011-02,4,35.8
35443,2011-05,1,0.85
35443,2011-08,1,0.85
35443,2011-09,1,0.85
35443,2011-10,1,0.85
35443,2011-11,3,2.55
35471D,2011-01,2,2.5
35471D,2011-02,3,3.75
35471D,2011-04,4,5.0
35591T,2010-12,3,3.75
35591T,2011-10,1,1.25
35591T,2011-11,1,1.25
35597A,2010-12,1,1.25
35597B,2010-12,1,1.25
35598C,2011-11,2,5.9
35599B,2010-12,1,8.49
35607B,2011-03,1,0.19
35637A,2011-05,2,11.9
35637A,2011-06,2,11.9
35637C,2011-02,2,11.9
35637C,2011-11,3,5.85
35638A,2011-02,1,5.95
35638A,2011-03,1,5.95
35638A,2011-10,2,3.9
35638A,2011-11,1,1.95
35638B,2011-10,1,1.95
35638B,2011-11,1,1.95
35645,2011-07,3,12.75
35645,2011-10,1,4.25
35646,2011-02,4,17.0
35647,2011-03,1,1.25
35648,2011-12,3,2.4899999999999998
35649,2011-06,4,13.4
35649,2011-08,3,10.05
35649,2011-10,2,5.8100000000000005
35649,2011-11,1,2.46
35650,2011-08,1,4.95
35653,2011-03,1,2.95
35653,2011-05,3,8.850000000000001
35653,2011-06,2,5.9
35653,2011-08,4,11.8
35810B,2010-12,1,2.1
35810B,2011-10,2,1.66
35815P,2011-02,1,2.1
35818B,2011-11,1,0.38
35818P,2011-12,2,0.76
35833P,2011-07,1,1.25
35833P,2011-09,1,1.25
35833P,2011-10,2,2.5
35909A,2011-01,1,2.95
35909A,2011-04,1,2.95
35909B,2011-06,2,5.9
35910A,2011-01,2,3.9
35910B,2011-11,1,1.95
35911A,2010-12,1,2.1
35911A,2011-11,2,1.7
35911B,2011-02,2,4.2
35912B,2011-04,4,5.0
35912B,2011-07,1,1.25
35913B,2011-11,1,0.85
35914,2010-12,1,2.1
35915B,2010-12,2,3.3
35915C,2011-01,1,1.65
35916A,2011-05,2,1.7
35921,2011-01,2,2.5
35922,2011-04,2,9.9
35924,2011-01,3,6.300000000000001
35953,2011-06,4,5.0
35965,2011-02,2,5.9
35965,2011-03,1,2.95
35967,2011-07,4,1.52
35971,2011-04,2,2.5
35971,2011-08,3,3.75
35971,2011-12,2,2.5
35972,2011-01,1,1.25
35972,2011-05,4,5.0
35972,2011-09,2,2.5
35972,2011-11,4,5.0
37333,2010-12,2,9.9
37333,2011-01,2,9.9
37333,2011-03,1,1.95
37333,2011-04,3,5.85
37333,2011-05,1,1.95
37340,2010-12,4,3.4
37342,2011-09,1,0.79
37351,2011-03,4,1.56
37370,2011-09,3,4.949999999999999
37370,2011-10,4,6.6
37444A,2010-12,2,5.9
37444A,2011-02,3,8.850000000000001
37444A,2011-04,1,0.39
37444A,2011-06,2,0.78
37444A,2011-07,1,0.39
37444B,2010-12,2,5.9
37444B,2011-02,1,2.95
37444B,2011-03,1,2.95
37444C,2010-12,1,2.95
37449,2011-12,3,29.849999999999998
37450,2011-12,3,8.850000000000001
37461,2010-12,1,1.25
37462E,2011-02,2,0.84
37462E,2011-07,1,0.19
37464,2010-12,3,3.75
37467,2011-04,4,1.56
37468,2011-05,2,0.78
37468,2011-07,2,0.78
37468,2011-10,1,0.39
37475,2010-12,4,39.8
37475,2011-03,3,29.849999999999998
37475,2011-04,2,19.9
37475,2011-08,3,29.849999999999998
37475,2011-09,1,9.95
37475,2011-10,1,9.95
37475,2011-12,1,9.95
37476,2011-01,1,9.95
37476,2011-07,1,9.95
37476,2011-09,1,9.95
37476,2011-10,1,9.95
37479B,2010-12,3,7.6499999999999995
37479B,2011-01,1,2.55
37479P,2010-12,2,5.1
37479P,2011-01,1,2.55
37479P,2011-03,3,1.17
37482P,2010-12,1,2.55
37488A,2011-03,2,0.78
37489A,2010-12,1,1.95
37489A,2011-04,4,1.56
37489A,2011-06,1,0.39
37489A,2011-07,2,0.78
37489A,2011-08,2,0.78
37489A,2011-10,4,1.56
37489A,2011-11,4,1.56
37489B,2010-12,1,1.95
37489B,2011-01,2,3.9
37489B,2011-04,4,1.56
37489B,2011-06,1,0.39
37489B,2011-07,3,1.17
37489B,2011-11,4,1.56
37489C,2010-12,1,1.95
37489C,2011-01,2,3.9
37489C,2011-04,4,1.56
37489C,2011-06,2,0.78
37489D,2010-12,1,1.95
37489D,2011-04,4,1.56
37489D,2011-06,1,0.39
37489D,2011-07,1,0.39
37489D,2011-08,2,0.78
37489D,2011-12,2,0.78
37491B,2011-07,4,6.6
37491D,2011-07,2,3.3
37495,2011-12,4,15.0
37500,2011-07,3,14.850000000000001
37501,2011-02,3,20.85
37501,2011-05,3,20.85
37501,2011-08,1,6.95
37509,2010-12,2,5.1
40003,2010-12,3,3.75
40003,2011-04,2,2.5
40005B,2010-12,1,0.85
40005B,2011-09,2,1.7
40046A,2011-01,3,3.75
40046A,2011-08,3,3.75
44089A,2011-02,4,1.68
44089A,2011-03,1,0.42
44089A,2011-09,2,0.84
44089C,2011-03,1,0.42
44089C,2011-09,4,1.68
44091A,2011-07,1,0.42
44092B,2011-03,1,0.85
44092B,2011-05,1,0.85
44092B,2011-06,3,2.55
44092B,2011-09,3,2.55
44092C,2011-02,4,3.4
44092C,2011-05,3,2.55
44092C,2011-06,3,2.55
44092C,2011-10,4,3.4
44234,2011-01,2,0.42
44234,2011-12,4,0.84
44235,2011-01,4,1.68
44235,2011-03,2,0.84
44235,2011-12,4,1.68
44236,2011-02,4,18.6
44265,2011-02,2,8.5
45013,2011-02,2,5.9
45013,2011-10,1,2.95
46000P,2011-03,1,4.25
46000R,2011-01,2,2.9
46000R,2011-03,4,5.8
46000R,2011-12,2,2.9
46000U,2010-12,2,2.5
46000U,2011-01,3,3.75
46000U,2011-03,2,2.5
46000U,2011-05,4,5.0
46000U,2011-08,3,3.75
46118,2011-12,4,3.4
46126A,2011-03,2,2.5
46138B,2010-12,2,3.9
46138B,2011-04,4,7.8
46138B,2011-05,4,3.4
46138B,2011-10,2,1.7
46138B,2011-11,2,1.7
46775D,2011-01,3,50.849999999999994
46775D,2011-04,1,16.95
46775D,2011-10,1,16.95
46775D,2011-11,4,67.8
46775D,2011-12,2,33.9
46776A,2011-06,2,9.9
46776A,2011-09,1,4.95
46776A,2011-10,1,4.95
46776A,2011-11,4,19.8
46776B,2011-02,2,9.9
46776B,2011-03,2,9.9
46776B,2011-04,2,9.9
46776B,2011-06,4,19.8
46776B,2011-09,2,9.9
46776B,2011-10,1,4.95
46776B,2011-12,2,9.9
46776C,2011-03,1,4.95
46776C,2011-04,2,9.9
46776C,2011-06,2,9.9
46776C,2011-09,4,19.8
46776C,2011-12,2,9.9
46776D,2011-06,2,9.9
46776D,2011-09,4,19.8
46776E,2011-03,2,9.9
46776E,2011-09,2,9.9
46776E,2011-10,2,9.9
46776E,2011-11,2,9.9
46776F,2011-06,4,19.8
46776F,2011-08,2,9.9
46776F,2011-10,3,14.850000000000001
46776F,2011-12,4,19.8
47013C,2011-03,2,0.58
47016,2011-11,2,4.2
47021G,2011-03,1,1.25
47310M,2010-12,1,1.25
47341A,2011-02,2,7.5
47341A,2011-04,2,2.5
47341B,2011-04,2,2.5
47341B,2011-06,1,1.25
47341B,2011-07,2,2.5
47341B,2011-10,3,3.75
47344B,2011-03,3,3.75
47344B,2011-05,2,1.66
47348A,2010-12,2,3.9
47348A,2011-07,3,1.17
47351B,2011-07,2,5.9
47351B,2011-10,4,11.8
47351B,2011-11,4,11.8
47367B,2010-12,2,7.5
47367B,2011-01,3,11.25
47367B,2011-02,4,15.0
47367B,2011-04,4,15.0
47367B,2011-07,2,7.5
47367B,2011-08,4,15.0
47369A,2011-10,1,2.95
47369A,2011-11,1,2.95
47369B,2010-12,1,2.95
47369B,2011-11,2,8.74
47420,2011-02,4,0.76
47420,2011-06,1,0.19
47420,2011-12,2,0.38
47422,2010-12,1,0.42
47422,2011-07,2,0.84
47422,2011-12,1,0.42
47469,2011-06,2,1.3
47469,2011-10,2,1.3
47469,2011-12,2,1.3
47471,2011-01,4,2.6
47471,2011-07,2,1.3
47471,2011-09,4,2.6
47471,2011-10,3,2.76
47471,2011-12,2,1.3
47481,2011-04,2,1.7
47481,2011-09,2,1.7
47503H,2010-12,2,3.9
47503H,2011-01,2,3.9
47503H,2011-02,2,3.9
47503H,2011-03,1,1.95
47503H,2011-04,2,3.9
47503H,2011-07,4,3.16
47503H,2011-08,2,1.58
47503H,2011-12,1,0.79
47503J,2010-12,1,7.95
47504H,2011-03,1,1.95
47504H,2011-04,1,1.95
47504H,2011-06,2,3.9
47563A,2010-12,1,3.75
47566B,2011-12,1,4.95
47574A,2011-01,1,4.25
47574A,2011-02,3,12.75
47574A,2011-05,2,8.5
47574B,2011-05,4,17.0
47578A,2011-01,1,0.85
47578A,2011-02,4,3.4
47578A,2011-03,4,3.4
47578A,2011-05,4,3.4
47578A,2011-07,4,3.4
47579,2010-12,1,2.1
47580,2011-08,4,10.2
47580,2011-12,4,10.2
47585A,2010-12,2,7.5
47585A,2011-01,4,15.0
47585A,2011-02,3,11.25
47585A,2011-05,4,15.0
47585A,2011-09,4,15.0
47585A,2011-12,4,15.0
47586A,2010-12,4,10.2
47586A,2011-01,3,7.6499999999999995
47586A,2011-04,1,2.55
47586A,2011-07,1,2.55
47586A,2011-08,4,10.2
47586A,2011-09,2,5.1
47589,2011-01,1,5.45
47589,2011-02,3,16.35
47590A,2011-12,4,21.8
47593A,2010-12,2,2.5
47593A,2011-01,2,2.5
47593A,2011-02,1,1.25
47593B,2010-12,1,1.25
47593B,2011-02,2,2.5
47594A,2010-12,3,5.85
47594A,2011-08,1,1.95
47594B,2010-12,2,3.9
47594B,2011-04,3,5.85
47594B,2011-05,4,7.8
47594B,2011-06,1,1.95
47594B,2011-07,1,1.95
47594B,2011-08,1,1.95
47594B,2011-11,1,1.95
48188,2011-12,1,8.25
51008,2011-05,2,6.9
51008,2011-09,1,3.45
51020A,2011-01,2,2.5
51020B,2011-01,4,5.0
62043B,2011-04,3,2.4899999999999998
62074B,2011-03,1,0.42
62074B,2011-05,3,1.26
62074B,2011-07,2,0.84
62086A,2011-05,4,7.8
62094B,2010-12,1,2.55
62096B,2011-03,2,2.5
62097B,2011-05,4,3.32
70006,2011-07,2,3.3
70007,2011-06,2,3.3
71050,2011-10,3,1.0499999999999998
71101E,2011-10,2,1.7
71215,2010-12,1,0.42
71270,2011-09,1,1.25
71270,2011-12,1,1.25
71403,2010-12,2,5.9
71403,2011-02,1,2.95
71403,2011-10,2,5.9
71406C,2011-01,4,1.68
71406C,2011-03,3,1.26
71406C,2011-06,3,1.26
71477,2011-01,1,3.25
71477,2011-03,2,6.5
71495B,2011-01,4,1.68
71496A,2011-11,1,0.53
71496B,2011-01,4,2.6
71496B,2011-11,1,0.53
71510,2011-07,1,0.85
71510,2011-08,2,1.7
72051S,2010-12,4,1.68
72051S,2011-01,2,0.84
72122,2011-06,3,2.8499999999999996
72122,2011-09,3,2.8499999999999996
72127,2011-01,4,5.0
72127,2011-03,4,5.0
72127,2011-04,2,2.5
72127,2011-06,1,1.25
72127,2011-10,2,2.5
72128,2011-01,3,2.55
72128,2011-06,2,1.7
72128,2011-09,4,3.4
72130,2011-01,1,0.65
72130,2011-06,1,0.65
72130,2011-10,2,1.3
72131,2011-03,1,1.95
72131,2011-04,2,3.9
72131,2011-05,1,1.95
72131,2011-08,2,3.9
72131,2011-09,2,3.9
72132,2011-01,2,3.9
72132,2011-07,1,1.95
72132,2011-08,2,3.9
72132,2011-09,1,1.95
72133,2011-01,4,5.0
72133,2011-02,3,3.75
72133,2011-05,2,2.5
72133,2011-09,4,5.0
72133,2011-10,3,3.75
72134,2011-01,2,1.7
72134,2011-03,4,3.4
72134,2011-05,2,1.7
72134,2011-08,2,1.7
72134,2011-09,2,1.7
72140E,2011-02,1,0.85
72349B,2011-06,3,6.300000000000001
72369A,2011-11,4,5.0
72586,2011-11,1,0.42
72598,2011-01,3,2.55
72598,2011-03,1,0.85
72598,2011-07,1,0.85
72598,2011-08,3,2.55
72709,2011-02,3,2.55
72709,2011-07,1,0.85
72709,2011-11,4,3.4
72780,2011-05,3,2.55
72783,2011-12,4,8.4
72798C,2010-12,1,1.65
72798C,2011-01,2,3.3
72798C,2011-02,4,6.6
72799C,2011-01,1,2.95
72799C,2011-02,3,8.850000000000001
72799C,2011-05,1,2.95
72799C,2011-10,2,5.9
72799E,2011-03,1,2.95
72799F,2011-01,2,5.9
72799F,2011-02,2,5.9
72800B,2011-01,2,5.1
72800B,2011-02,1,2.55
72800B,2011-05,3,7.6499999999999995
72800B,2011-06,2,5.1
72800B,2011-07,3,7.6499999999999995
72800B,2011-08,1,2.55
72800B,2011-10,3,7.6499999999999995
72800C,2010-12,1,2.55
72800C,2011-04,2,5.1
72800C,2011-05,1,2.55
72800C,2011-07,3,7.6499999999999995
72800C,2011-10,4,10.2
72800D,2011-01,2,5.1
72800D,2011-06,2,5.1
72800D,2011-08,4,10.2
72800D,2011-10,3,7.6499999999999995
72800E,2011-03,3,7.6499999999999995
72801C,2011-10,2,2.5
72801C,2011-12,3,3.75
72801D,2011-12,3,3.75
72801G,2011-01,1,1.25
72801G,2011-04,4,5.0
72801G,2011-05,1,1.25
72801G,2011-09,1,1.25
72801G,2011-10,2,2.5
72803A,2011-06,4,17.0
72803A,2011-09,4,17.0
72811,2011-08,3,4.47
72811,2011-12,2,2.98
72812,2011-12,1,4.13
72815,2011-01,2,7.5
72817,2011-07,1,1.25
72818,2011-07,1,0.85
72819,2011-02,2,5.1
72819,2011-07,2,5.1
72821,2011-01,2,3.3
75011,2011-06,2,1.58
75011,2011-11,1,0.79
75131,2011-03,4,6.76
75172,2011-02,2,7.5
75172,2011-04,2,7.5
75178,2011-03,4,5.0
75178,2011-12,1,1.25
77079,2011-06,1,2.12
77101A,2011-01,1,1.25
78033,2011-03,2,11.9
78033,2011-10,2,11.9
78034B,2010-12,1,1.95
78034B,2011-04,2,3.9
78034B,2011-07,3,5.85
78034B,2011-08,1,1.95
78034B,2011-10,1,1.95
78124,2011-06,1,1.25
79026B,2011-03,1,1.25
79030G,2010-12,2,3.3
79063C,2011-11,2,0.38
79063C,2011-12,1,0.19
79063D,2011-10,1,0.19
79063D,2011-11,4,0.76
79071B,2011-02,1,2.95
79071B,2011-04,2,5.9
79071B,2011-05,4,11.8
79071B,2011-06,2,5.9
79144B,2011-09,3,1.26
79144C,2011-04,2,0.84
79149B,2010-12,1,0.42
79149B,2011-06,1,0.42
79149B,2011-08,1,0.42
79149B,2011-09,2,0.84
79149B,2011-12,1,0.42
79151B,2010-12,1,0.42
79157B,2011-10,3,2.55
79157B,2011-12,1,0.85
79157V,2011-10,3,2.55
79157V,2011-11,2,1.7
79160,2011-01,4,8.4
79160,2011-04,2,4.2
79161A,2011-11,2,5.9
79163,2011-02,4,6.6
79164,2011-02,2,3.3
79164,2011-06,2,0.78
79190A,2011-03,3,1.26
79190B,2011-06,1,0.42
79190D,2011-10,1,0.42
79191B,2011-02,2,1.7
79191B,2011-05,3,2.55
79191C,2010-12,2,1.7
79191D,2011-01,1,0.85
79191D,2011-03,3,2.55
79191D,2011-10,1,0.85
79191D,2011-12,1,0.85
79192A,2011-01,1,1.25
79192A,2011-02,2,2.5
79302M,2011-06,3,8.850000000000001
79302M,2011-08,3,8.850000000000001
79323P,2011-01,4,27.0
79337,2011-06,1,0.38
79337,2011-07,1,0.38
79403,2010-12,1,0.85
79403,2011-04,3,2.55
79403,2011-12,1,0.85
81950B,2011-08,4,1.16
81950V,2010-12,1,0.85
81950V,2011-01,1,0.85
81950V,2011-03,3,2.55
82011A,2010-12,2,7.5
82011A,2011-02,2,7.5
82011A,2011-03,4,15.0
82011A,2011-06,3,11.25
82011A,2011-08,2,7.5
82011A,2011-09,1,3.75
82011A,2011-11,2,7.5
82011B,2010-12,1,3.75
82011B,2011-04,3,11.25
82011B,2011-05,1,3.75
82011B,2011-07,1,3.75
82011B,2011-08,2,7.5
82011B,2011-09,2,7.5
82011C,2010-12,3,11.25
82011C,2011-02,3,11.25
82011C,2011-08,4,15.0
82011C,2011-09,2,7.5
82095,2011-02,3,22.950000000000003
82095,2011-03,4,30.6
82494L,2011-05,1,2.95
82599,2011-05,1,2.1
82600,2011-10,4,8.4
82605,2011-03,1,2.1
82613A,2011-01,1,1.25
82613A,2011-02,1,1.25
82613A,2011-04,4,5.0
82613A,2011-05,3,3.75
82613A,2011-06,3,3.75
82613B,2011-04,2,2.5
82613B,2011-10,2,2.5
82613B,2011-12,1,1.25
82613C,2011-04,4,5.0
82613C,2011-07,3,3.75
82613C,2011-10,2,2.5
82613D,2011-02,2,2.5
82613D,2011-04,2,2.5
82613D,2011-10,2,2.5
82613D,2011-12,1,1.25
82616B,2011-01,4,11.8
82616B,2011-04,2,5.9
82616B,2011-12,3,3.75
82616C,2011-01,3,8.850000000000001
84012,2011-06,2,5.1
84029E,2011-02,1,3.75
84029E,2011-04,2,7.5
84030E,2011-05,4,17.0
84031A,2011-05,2,9.3
84031A,2011-06,3,13.950000000000001
84031B,2011-06,3,13.950000000000001
84031B,2011-07,4,18.6
84031B,2011-08,3,13.950000000000001
84032A,2011-06,2,5.9
84032B,2011-02,4,11.8
84032B,2011-04,1,2.95
84032B,2011-05,1,2.95
84032B,2011-06,4,11.8
84032B,2011-07,3,8.850000000000001
84033,2011-01,1,1.65
84033,2011-02,4,6.6
84033,2011-03,3,4.949999999999999
84033,2011-05,1,1.65
84033,2011-09,2,3.3
84051,2011-08,2,1.7
84078A,2011-09,4,159.8
84078A,2011-12,3,119.85000000000001
84086B,2011-03,2,5.9
84086B,2011-04,2,5.9
84086B,2011-05,2,5.9
84086B,2011-07,2,5.9
84086B,2011-12,1,2.95
84192,2011-03,1,1.25
84192,2011-08,2,2.5
84199,2010-12,4,0.84
84199,2011-08,3,0.63
84199,2011-09,1,0.21
84201B,2011-11,1,0.19
84206C,2011-11,3,0.5700000000000001
84226,2011-01,2,1.7
84226,2011-02,3,2.55
84227,2011-03,1,0.42
84228,2011-04,2,0.84
84247E,2011-08,1,2.95
84247K,2010-12,1,2.95
84247K,2011-01,3,8.850000000000001
84247K,2011-03,2,5.9
84247K,2011-06,2,5.9
84247K,2011-09,2,5.9
84247K,2011-10,1,2.95
84247N,2010-12,3,8.850000000000001
84247N,2011-01,3,8.850000000000001
84247N,2011-03,2,5.9
84247N,2011-06,2,5.9
84247N,2011-07,1,2.95
84247N,2011-08,1,2.95
84247N,2011-09,3,8.850000000000001
84247N,2011-10,3,8.850000000000001
84247N,2011-11,4,11.8
84249A,2011-10,3,2.4899999999999998
84251B,2011-09,1,0.19
84279P,2011-12,4,15.0
84306,2011-02,1,10.95
84306,2011-03,1,10.95
84313B,2010-12,2,8.5
84313B,2011-02,4,17.0
84313C,2010-12,1,4.25
84313C,2011-01,2,8.5
84313C,2011-02,1,4.25
84341B,2011-11,4,1.52
84347,2011-04,1,2.55
84347,2011-06,4,10.2
84352,2011-01,3,50.849999999999994
84352,2011-07,4,67.8
84352,2011-09,3,50.849999999999994
84356,2011-03,4,27.8
84356,2011-06,2,13.9
84356,2011-10,4,27.8
84358,2010-12,3,29.849999999999998
84358,2011-02,2,19.9
84358,2011-03,4,33.96
84358,2011-05,2,19.9
84358,2011-06,4,33.96
84358,2011-07,2,19.9
84360,2011-02,2,11.9
84360,2011-04,3,17.85
84360,2011-05,2,11.9
84360,2011-10,3,17.85
84360,2011-11,4,23.8
84360,2011-12,2,11.9
84388,2010-12,2,3.3
84388,2011-02,1,1.65
84415B,2010-12,2,7.5
84415B,2011-06,4,5.0
84422,2011-08,3,1.17
84429A,2011-02,3,8.850000000000001
84429A,2011-05,4,11.8
84429A,2011-07,1,2.95
84429A,2011-10,2,5.9
84429A,2011-12,2,5.9
84459A,2011-05,3,4.47
84459A,2011-08,4,5.96
84459B,2011-04,1,1.49
84461,2011-01,1,2.55
84461,2011-02,1,2.55
84462,2011-02,3,3.75
84462,2011-03,3,3.75
84462,2011-04,1,1.25
84465,2011-01,2,5.9
84465,2011-02,1,2.95
84465,2011-11,1,2.95
84466,2011-02,1,1.25
84466,2011-04,4,5.0
84466,2011-06,3,3.75
84466,2011-07,1,1.25
84497,2010-12,3,11.25
84497,2011-03,1,3.75
84497,2011-06,2,7.5
84497,2011-11,1,3.75
84499,2010-12,1,0.85
84507B,2010-12,3,7.6499999999999995
84507B,2011-01,1,2.55
84507B,2011-04,2,5.1
84507B,2011-05,4,10.2
84507B,2011-07,1,2.55
84507B,2011-08,2,5.1
84507B,2011-09,2,5.1
84507C,2011-01,2,5.1
84507C,2011-03,3,7.6499999999999995
84507C,2011-07,3,7.6499999999999995
84507C,2011-08,2,5.1
84508A,2011-01,2,5.1
84508B,2011-02,4,10.2
84508B,2011-04,4,10.2
84508B,2011-05,1,2.55
84508B,2011-07,4,10.2
84508B,2011-09,2,5.1
84508C,2010-12,4,10.2
84508C,2011-02,2,5.1
84508C,2011-04,2,5.1
84508C,2011-05,2,5.1
84508C,2011-06,3,7.6499999999999995
84508C,2011-07,3,7.6499999999999995
84509A,2011-12,4,15.0
84509B,2011-06,4,15.0
84509C,2010-12,1,3.75
84509C,2011-03,4,15.0
84509C,2011-04,3,11.25
84509C,2011-09,2,7.5
84509E,2011-03,1,3.75
84509E,2011-05,2,7.5
84509E,2011-06,1,3.75
84509E,2011-10,4,15.0
84509G,2011-07,2,7.5
84509G,2011-08,4,15.0
84510C,2011-05,1,1.25
84510C,2011-06,2,2.5
84510C,2011-09,3,3.75
84510C,2011-12,1,1.25
84510E,2011-01,2,2.5
84510E,2011-03,1,1.25
84510E,2011-06,1,1.25
84510E,2011-09,4,5.0
84510E,2011-10,2,2.5
84519A,2011-10,4,9.54
84519B,2011-04,3,3.75
84520B,2011-03,4,3.4
84522,2010-12,1,1.95
84522,2011-03,2,3.9
84522,2011-07,1,1.95
84522,2011-08,1,1.95
84522,2011-11,1,1.95
84527,2011-07,2,3.9
84527,2011-11,1,1.95
84534B,2011-01,1,0.85
84535A,2011-05,3,1.9500000000000002
84535B,2011-12,4,2.6
84536B,2011-12,4,2.5
84548,2011-06,1,1.65
84548,2011-07,4,6.6
84549,2011-07,1,1.65
84550,2011-11,1,1.65
84551,2011-06,1,1.65
84558A,2011-02,4,11.8
84558A,2011-04,2,5.9
84558A,2011-12,1,2.95
84559A,2011-06,3,2.55
84559B,2011-05,4,3.4
84559B,2011-07,1,0.85
84559B,2011-11,1,0.85
84562A,2010-12,1,7.95
84562A,2011-02,1,7.95
84563A,2010-12,3,17.85
84563A,2011-01,2,11.9
84563B,2010-12,1,5.95
84563B,2011-02,1,5.95
84569A,2011-01,1,1.25
84569A,2011-12,1,2.46
84569C,2011-03,1,1.25
84569D,2011-02,1,1.25
84569D,2011-07,3,3.75
84569D,2011-10,2,4.92
84575A,2010-12,1,5.95
84575A,2011-03,2,11.9
84581,2010-12,2,7.5
84581,2011-05,4,15.0
84581,2011-08,2,7.5
84584,2011-01,1,2.55
84584,2011-04,2,5.1
84584,2011-07,1,2.55
84592,2011-04,4,11.8
84592,2011-05,2,5.9
84592,2011-06,4,11.8
84595E,2010-12,1,3.75
84595E,2011-04,1,3.75
84596G,2011-02,3,3.75
84596J,2010-12,1,1.25
84596L,2010-12,4,5.0
84596L,2011-02,1,1.25
84597B,2010-12,2,2.5
84597B,2011-05,3,3.75
84597C,2010-12,3,3.75
84597C,2011-01,1,1.25
84597C,2011-03,2,2.5
84597C,2011-05,4,5.0
84597C,2011-06,1,1.25
84600,2011-01,2,15.9
84600,2011-02,4,31.8
84600,2011-05,1,7.95
84600,2011-07,2,15.9
84600,2011-08,2,15.9
84609,2010-12,4,34.0
84609,2011-06,2,17.0
84609,2011-08,4,34.0
84609,2011-12,4,34.0
84613A,2010-12,1,4.65
84613A,2011-01,3,13.950000000000001
84613A,2011-02,2,9.3
84613C,2010-12,1,4.65
84614A,2010-12,2,11.9
84616,2010-12,1,29.95
84616,2011-05,2,59.9
84616,2011-09,2,59.9
84616,2011-11,1,29.95
84617,2011-01,1,12.75
84617,2011-03,1,12.75
84617,2011-11,1,12.75
84620,2010-12,2,11.9
84625A,2011-10,2,1.7
84625A,2011-11,1,0.85
84625C,2011-06,2,1.7
84629,2011-05,1,21.95
84629,2011-06,2,43.9
84631,2010-12,2,15.9
84631,2011-02,2,15.9
84631,2011-03,2,15.9
84631,2011-04,1,7.95
84631,2011-06,2,15.9
84632,2011-01,1,59.95
84632,2011-03,3,179.85000000000002
84632,2011-07,2,119.9
84637,2010-12,1,5.95
84637,2011-02,1,5.95
84637,2011-04,3,17.85
84637,2011-05,3,17.85
84637,2011-06,3,17.85
84637,2011-07,2,11.9
84637,2011-09,3,17.85
84638,2010-12,1,6.95
84638,2011-02,1,6.95
84638,2011-03,4,27.8
84638,2011-04,2,13.9
84638,2011-05,2,13.9
84638,2011-06,2,13.9
84638,2011-08,1,6.95
84638,2011-10,1,6.95
84658,2011-01,4,27.8
84658,2011-05,3,20.85
84658,2011-06,4,27.8
84658,2011-11,2,13.9
84659A,2011-04,2,5.1
84659A,2011-05,3,7.6499999999999995
84660A,2011-05,4,15.0
84660B,2011-04,3,11.25
84660B,2011-06,4,15.0
84660C,2011-04,1,3.75
84661A,2011-11,1,2.55
84661B,2011-09,1,4.96
84663A,2011-02,3,17.85
84663A,2011-03,1,5.95
84663A,2011-05,3,17.85
84665,2011-08,4,23.8
84673A,2010-12,3,1.9500000000000002
84673A,2011-01,2,1.3
84673A,2011-03,3,1.9500000000000002
84673A,2011-04,1,0.65
84673A,2011-07,3,1.9500000000000002
84673A,2011-09,1,0.65
84673A,2011-10,2,1.3
84673A,2011-11,4,2.6
84673B,2010-12,3,1.9500000000000002
84673B,2011-01,4,2.6
84673B,2011-02,1,0.65
84673B,2011-04,2,1.3
84673B,2011-07,4,2.6
84673B,2011-12,1,1.63
84674,2011-09,4,11.8
84674,2011-11,4,11.8
84674,2011-12,1,2.95
84679,2011-06,2,39.9
84679,2011-12,4,15.8
84685,2010-12,3,11.25
84685,2011-04,1,3.75
84686,2011-04,1,4.25
84686,2011-06,1,4.25
84687,2011-03,2,11.9
84687,2011-05,2,11.9
84687,2011-07,2,11.9
84687,2011-11,1,5.95
84688,2011-05,4,17.0
84689,2011-04,1,5.95
84689,2011-05,2,4.0
84691,2011-03,2,1.7
84706D,2010-12,2,17.9
84706D,2011-05,4,7.8
84706F,2011-07,2,5.9
84706F,2011-10,4,11.8
84706F,2011-11,4,11.8
84707A,2010-12,4,39.8
84707A,2011-01,4,39.8
84707A,2011-02,3,29.849999999999998
84707A,2011-04,3,29.849999999999998
84707A,2011-05,4,39.8
84707A,2011-07,1,9.95
84707B,2010-12,1,9.95
84707B,2011-01,2,19.9
84707B,2011-02,1,9.95
84707B,2011-07,1,9.95
84707B,2011-10,3,39.86
84708B,2011-02,4,19.8
84708B,2011-04,4,19.8
84708B,2011-08,4,19.8
84708B,2011-10,4,17.0
84709B,2010-12,3,17.85
84709B,2011-01,2,11.9
84709B,2011-03,2,11.9
84709B,2011-04,2,11.9
84711A,2010-12,2,19.9
84711A,2011-02,2,19.9
84711A,2011-04,2,19.9
84711A,2011-05,2,19.9
84711A,2011-07,3,29.849999999999998
84711A,2011-11,2,19.9
84711A,2011-12,1,9.95
84711B,2011-05,2,19.9
84711B,2011-06,1,9.95
84711B,2011-09,2,19.9
84711B,2011-11,3,29.849999999999998
84711B,2011-12,1,9.95
84712B,2011-02,2,15.9
84712B,2011-03,3,23.85
84712B,2011-04,3,23.85
84712B,2011-06,2,15.9
84712B,2011-08,1,7.95
84712B,2011-09,2,15.9
84715,2011-03,4,11.8
84715,2011-04,4,11.8
84723,2011-02,1,7.95
84723,2011-04,2,15.9
84725,2010-12,1,4.25
84725,2011-04,2,3.3
84725,2011-05,3,4.949999999999999
84725,2011-06,1,1.65
84725,2011-07,4,3.0
84725,2011-08,1,0.75
84731,2011-04,1,1.65
84731,2011-07,1,0.39
84732B,2011-07,2,0.78
84732D,2011-07,2,0.78
84741C,2011-02,2,3.9
84743C,2011-03,1,1.25
84744,2011-07,3,3.75
84744,2011-09,2,2.5
84744,2011-10,2,2.5
84744,2011-11,1,1.25
84746,2011-07,3,11.25
84748,2011-03,4,15.0
84748,2011-11,4,15.0
84750B,2010-12,1,1.95
84750B,2011-01,3,5.85
84751B,2010-12,2,7.5
84751B,2011-02,2,7.5
84751B,2011-03,4,15.0
84760S,2011-04,4,5.8
84766,2011-04,2,11.9
84766,2011-10,2,11.9
84766,2011-11,2,11.9
84773,2010-12,3,8.850000000000001
84789,2011-07,3,8.850000000000001
84795B,2011-01,2,15.9
84795B,2011-11,2,15.9
84795C,2011-01,2,15.9
84796A,2011-04,3,38.25
84796A,2011-06,2,25.5
84796A,2011-07,1,12.75
84796A,2011-12,2,25.5
84796B,2011-01,4,51.0
84796B,2011-03,3,38.25
84796B,2011-07,3,38.25
84796B,2011-08,1,12.75
84800M,2010-12,1,1.69
84800M,2011-03,1,1.69
84801B,2011-03,4,8.4
84802A,2010-12,2,3.38
84802B,2011-03,4,6.76
84804A,2010-12,2,5.9
84804A,2011-09,3,8.850000000000001
84804B,2011-09,3,8.850000000000001
84805B,2011-09,2,7.5
84806A,2010-12,1,1.45
84806A,2011-03,2,2.9
84806A,2011-09,2,2.9
84806B,2011-08,3,4.35
84806B,2011-11,3,4.35
84813,2011-06,4,51.0
84813,2011-09,2,49.92
84813,2011-10,2,25.5
84816,2010-12,1,39.95
84816,2011-01,2,79.9
84816,2011-04,1,39.95
84816,2011-05,1,39.95
84816,2011-06,3,119.85000000000001
84816,2011-07,3,119.85000000000001
84816,2011-08,2,79.9
84818,2011-06,3,7.6499999999999995
84819,2011-07,3,12.75
84819,2011-09,1,4.25
84820,2011-02,4,23.8
84820,2011-03,4,23.8
84820,2011-05,2,11.9
84820,2011-10,4,23.8
84820,2011-11,2,11.9
84823,2011-02,1,7.95
84824,2011-06,1,15.95
84824,2011-11,1,15.95
84826,2011-04,1,0.85
84826,2011-06,1,0.85
84826,2011-07,2,1.7
84827,2011-04,1,0.65
84828,2010-12,3,3.75
84840,2011-02,2,17.0
84840,2011-03,1,8.5
84842,2011-03,3,11.25
84842,2011-07,4,15.0
84842,2011-08,3,11.25
84842,2011-11,4,15.0
84843,2010-12,4,23.8
84843,2011-01,1,5.95
84843,2011-06,2,11.9
84843,2011-07,2,11.9
84843,2011-12,4,23.8
84846A,2011-07,1,2.1
84846A,2011-08,3,6.300000000000001
84847,2011-01,1,3.75
84847,2011-02,3,11.25
84847,2011-03,3,11.25
84847,2011-04,4,15.0
84847,2011-05,1,3.75
84847,2011-06,1,3.75
84847,2011-08,1,3.75
84849A,2011-01,4,6.76
84849A,2011-04,4,6.76
84849B,2011-07,1,1.69
84849D,2011-12,2,3.38
84857C,2011-02,2,17.0
84858C,2011-02,2,11.9
84859A,2010-12,1,5.95
84859A,2011-10,1,1.95
84859B,2011-05,1,1.95
84859B,2011-06,2,3.9
84859B,2011-07,4,7.8
84859B,2011-09,4,7.8
84859B,2011-10,1,1.95
84859C,2011-02,2,11.9
84859C,2011-05,1,1.95
84859C,2011-09,3,5.85
84859C,2011-12,1,1.95
84865,2010-12,4,34.0
84865,2011-02,2,17.0
84865,2011-03,1,8.5
84865,2011-07,4,11.8
84870B,2011-01,1,3.75
84870B,2011-07,2,7.5
84870B,2011-09,1,3.75
84870C,2011-01,1,3.75
84870C,2011-04,2,7.5
84870C,2011-09,1,3.75
84872A,2011-04,1,16.95
84872A,2011-07,2,33.9
84873A,2011-05,1,16.95
84873A,2011-06,1,16.95
84874B,2010-12,1,1.65
84874B,2011-01,2,3.3
84874B,2011-03,1,1.65
84875B,2010-12,4,15.0
84875B,2011-01,1,3.75
84875B,2011-08,2,2.5
84875B,2011-10,3,3.75
84875D,2011-07,1,1.25
84876D,2011-01,1,3.75
84876D,2011-09,2,2.5
84877B,2011-09,1,1.25
84877D,2011-09,3,3.75
84880,2011-02,3,22.5
84880,2011-12,2,15.0
84881,2010-12,4,25.4
84881,2011-01,4,25.4
84881,2011-04,1,6.35
84881,2011-07,2,12.7
84882,2010-12,3,11.25
84882,2011-03,3,11.25
84882,2011-04,4,15.0
84882,2011-07,1,3.75
84882,2011-11,3,11.25
84884A,2011-07,4,15.8
84898F,2011-02,2,4.2
84905,2011-01,4,19.8
84906,2010-12,3,17.85
84906,2011-01,4,23.8
84906,2011-03,4,23.8
84907,2011-01,2,15.3
84907,2011-03,1,7.65
84907,2011-06,2,15.3
84910A,2010-12,4,23.8
84910A,2011-03,1,5.95
84910A,2011-06,3,17.85
84910A,2011-07,2,11.9
84912A,2011-01,3,11.25
84912A,2011-02,3,11.25
84912A,2011-03,3,11.25
84913A,2010-12,4,18.6
84913A,2011-01,4,18.6
84913A,2011-04,4,18.6
84913A,2011-06,1,4.65
84913A,2011-10,3,13.950000000000001
84913A,2011-11,1,4.65
84913B,2010-12,4,18.6
84913B,2011-01,4,18.6
84913B,2011-03,4,18.6
84913B,2011-06,2,9.3
84913B,2011-12,4,18.6
84915,2011-11,1,4.13
84916,2011-04,4,23.8
84917,2011-02,3,17.85
84917,2011-03,4,23.8
84919,2011-01,2,13.9
84919,2011-06,4,27.8
84920,2011-08,4,15.0
84920,2011-09,4,15.0
84920,2011-11,2,7.5
84920,2011-12,3,11.25
84921,2010-12,1,3.75
84921,2011-03,1,3.75
84921,2011-10,3,11.25
84922,2010-12,2,8.5
84922,2011-05,1,4.25
84922,2011-09,3,12.75
84922,2011-11,1,4.25
84922,2011-12,1,4.25
84924A,2011-07,4,15.0
84924A,2011-09,3,22.38
84924A,2011-10,2,7.5
84924A,2011-12,1,3.75
84925D,2010-12,1,2.55
84925D,2011-02,1,2.55
84925D,2011-03,3,7.6499999999999995
84925D,2011-04,3,7.6499999999999995
84925D,2011-05,1,2.55
84925F,2010-12,1,2.55
84925F,2011-06,3,7.6499999999999995
84926A,2010-12,4,5.0
84926A,2011-03,2,2.5
84926A,2011-04,4,5.0
84926A,2011-05,2,2.5
84926A,2011-10,4,1.16
84926E,2011-04,4,5.0
84926E,2011-05,2,2.5
84926F,2011-12,4,5.5
84927A,2010-12,1,2.1
84927A,2011-05,3,6.300000000000001
84927D,2011-04,2,4.2
84927E,2011-06,2,4.2
84927F,2011-06,4,8.4
84931A,2011-01,1,2.55
84931A,2011-02,1,2.55
84931A,2011-03,2,5.1
84931A,2011-04,3,7.6499999999999995
84931B,2011-01,1,2.55
84931B,2011-04,2,5.1
84931B,2011-06,3,7.6499999999999995
84944,2011-04,4,17.0
84944,2011-05,1,4.25
84951A,2011-12,2,4.92
84951B,2011-09,2,4.92
84952B,2011-02,3,11.25
84952B,2011-05,2,7.5
84952B,2011-10,4,15.0
84952B,2011-11,1,7.46
84952C,2011-10,3,11.25
84963A,2010-12,4,171.8
84963B,2011-08,3,149.85000000000002
84968A,2011-01,2,25.5
84968A,2011-11,3,38.25
84968A,2011-12,1,12.75
84968B,2011-03,1,12.75
84968B,2011-04,1,12.75
84968C,2011-01,2,25.5
84968C,2011-09,4,51.0
84968C,2011-11,3,38.25
84968D,2010-12,2,25.5
84968D,2011-01,4,51.0
84968D,2011-07,2,25.5
84968D,2011-08,3,38.25
84968D,2011-10,3,38.25
84968D,2011-11,1,24.96
84968D,2011-12,2,25.5
84968E,2011-01,4,51.0
84968E,2011-02,2,25.5
84968E,2011-06,1,12.75
84968E,2011-11,3,38.25
84968E,2011-12,3,50.46
84968F,2010-12,3,38.25
84968F,2011-01,2,25.5
84968F,2011-05,3,38.25
84968F,2011-07,3,38.25
84968F,2011-09,3,38.25
84968F,2011-10,3,38.25
84968F,2011-11,1,12.75
84969,2011-12,3,12.75
84974,2011-01,1,9.95
84974,2011-03,3,29.849999999999998
84974,2011-04,4,39.8
84974,2011-05,1,9.95
84974,2011-07,4,39.8
84974,2011-09,1,9.95
84974,2011-11,1,9.95
84984A,2011-05,4,18.6
84984A,2011-07,2,9.3
84984A,2011-08,2,9.3
84984B,2011-05,4,18.6
84984B,2011-08,2,9.3
84984D,2011-07,2,9.3
84984D,2011-08,3,13.950000000000001
84984D,2011-10,2,9.3
84985A,2011-03,1,1.45
84989A,2011-02,1,0.55
84989A,2011-03,3,1.6500000000000001
84989A,2011-04,3,1.6500000000000001
84989A,2011-09,4,2.2
84989A,2011-10,1,0.55
84989A,2011-12,1,0.55
84990,2011-04,1,0.55
84990,2011-05,1,0.55
84993A,2011-02,2,0.84
84993A,2011-06,3,1.26
84993A,2011-07,3,1.26
84993B,2011-02,3,1.26
84993B,2011-04,3,1.26
84993B,2011-08,3,1.26
85006,2010-12,4,11.8
85006,2011-01,1,2.95
85008,2011-02,1,4.95
85008,2011-03,4,19.8
85008,2011-04,1,1.5
85014A,2011-12,4,30.310000000000002
85017A,2011-03,3,2.55
85017A,2011-04,3,2.55
85017B,2011-11,3,1.26
85017C,2011-03,2,1.7
85018D,2011-01,1,2.55
85019A,2010-12,4,17.0
85019B,2011-12,2,2.5
85019C,2010-12,3,12.75
85019C,2011-05,1,1.25
85020,2011-02,2,4.2
85020,2011-04,4,8.4
85020,2011-06,1,2.1
85023B,2010-12,1,2.55
85023B,2011-01,1,2.55
85023B,2011-03,1,2.55
85023B,2011-06,1,2.55
85023B,2011-09,2,5.1
85023B,2011-12,1,2.55
85024B,2011-01,3,4.949999999999999
85024B,2011-04,2,3.3
85024B,2011-05,2,3.3
85024B,2011-06,1,1.65
85024B,2011-07,2,3.3
85024B,2011-09,2,3.3
85024B,2011-12,1,1.65
85024C,2010-12,2,3.3
85024C,2011-06,1,1.65
85024C,2011-07,1,1.65
85024C,2011-09,4,6.6
85024C,2011-10,2,3.3
85024C,2011-11,2,3.3
85025B,2011-03,1,1.65
85025B,2011-04,1,1.65
85025B,2011-12,2,3.3
85025C,2011-04,2,3.3
85025C,2011-06,1,1.65
85026B,2011-02,3,2.55
85026B,2011-12,2,1.7
85027L,2010-12,3,23.85
85027L,2011-01,1,7.95
85028L,2011-03,4,7.8
85030,2011-03,2,3.9
85031A,2010-12,3,14.850000000000001
85031A,2011-01,1,4.95
85031A,2011-03,3,14.850000000000001
85031B,2010-12,1,4.95
85031C,2010-12,3,14.850000000000001
85032C,2011-03,2,4.2
85034A,2011-02,2,8.5
85034A,2011-03,4,17.0
85034A,2011-06,1,4.25
85034A,2011-07,1,4.25
85034A,2011-08,4,17.0
85034B,2011-02,4,17.0
85034C,2011-04,4,17.0
85034C,2011-07,1,4.25
85034C,2011-09,4,17.0
85035A,2011-05,1,4.25
85035B,2011-04,2,8.5
85035C,2011-03,4,17.0
85035C,2011-04,3,12.75
85035C,2011-08,2,8.5
85035C,2011-09,4,21.04
85036A,2011-03,4,17.0
85036B,2011-02,1,4.25
85036B,2011-04,2,8.5
85036B,2011-06,1,4.25
85036B,2011-09,3,12.75
85036C,2011-02,2,8.5
85036C,2011-03,4,17.0
85036C,2011-04,3,12.75
85036C,2011-05,1,4.25
85036C,2011-06,1,4.25
85036C,2011-07,2,8.5
85036C,2011-08,1,4.25
85036C,2011-09,2,8.5
85039A,2011-04,2,3.3
85039B,2011-07,1,1.65
85039C,2010-12,4,6.6
85039C,2011-09,4,6.56
85039C,2011-10,1,1.63
85045,2011-06,1,4.95
85045,2011-09,2,9.9
85045,2011-10,1,4.95
85045,2011-11,4,19.8
85047,2011-01,3,19.049999999999997
85048,2011-01,2,15.9
85048,2011-05,2,15.9
85049A,2011-01,1,1.25
85049A,2011-03,1,1.25
85049A,2011-04,2,2.5
85049A,2011-05,3,3.75
85049D,2011-09,1,1.25
85059,2011-12,2,7.5
85067,2011-01,1,18.95
85071A,2011-02,4,11.8
85071B,2011-02,3,8.850000000000001
85071D,2011-02,1,2.55
85071D,2011-12,3,1.17
85086A,2010-12,1,0.85
85088,2011-05,1,2.1
85088,2011-09,1,2.1
85089,2011-01,3,8.850000000000001
85089,2011-07,2,5.9
85089,2011-10,4,11.8
85094,2011-07,4,0.76
85094,2011-12,2,0.38
85095,2010-12,1,1.95
85095,2011-12,1,4.13
85096,2011-01,3,11.25
85096,2011-03,3,11.25
85096,2011-07,3,11.25
85096,2011-10,3,11.25
85096,2011-11,2,7.5
85096,2011-12,1,3.75
85103,2010-12,1,6.75
85103,2011-03,2,13.5
85104,2011-02,3,8.850000000000001
85104,2011-06,4,11.8
85104,2011-11,1,5.79
85106,2010-12,4,10.2
85106,2011-06,2,5.1
85107,2011-06,1,2.55
85107,2011-07,2,5.1
85111,2011-12,2,0.58
85114A,2011-07,4,6.6
85124B,2011-02,4,10.2
85124B,2011-04,1,2.55
85124B,2011-06,1,2.55
85124B,2011-09,3,7.6499999999999995
85124B,2011-11,4,10.2
85124C,2011-04,4,10.2
85124C,2011-06,1,2.55
85124C,2011-07,4,10.2
85124C,2011-10,1,2.55
85125,2011-01,4,19.8
85125,2011-03,2,9.9
85125,2011-04,3,14.850000000000001
85125,2011-06,4,19.8
85127,2011-06,4,19.8
85127,2011-07,4,19.8
85129B,2011-05,2,2.5
85129B,2011-06,3,3.75
85129B,2011-09,1,2.46
85129B,2011-12,1,2.46
85129C,2011-03,2,2.5
85129C,2011-09,1,2.46
85129C,2011-11,1,2.46
85129D,2011-05,2,2.5
85129D,2011-06,2,2.5
85129D,2011-08,1,1.25
85129D,2011-09,4,8.629999999999999
85129D,2011-10,1,2.46
85130A,2011-01,2,3.3
85130A,2011-03,1,1.65
85130B,2011-12,1,0.79
85130C,2011-04,2,3.3
85130C,2011-05,2,3.3
85130D,2011-05,4,6.6
85130D,2011-11,3,2.37
85131A,2011-10,3,3.75
85131B,2011-01,3,3.75
85131B,2011-08,3,3.75
85131C,2011-01,3,3.75
85131C,2011-08,3,3.75
85131D,2011-01,3,3.75
85131D,2011-08,3,3.75
85132A,2010-12,3,29.849999999999998
85132A,2011-01,3,29.849999999999998
85132B,2010-12,2,19.9
85132B,2011-01,2,19.9
85132B,2011-03,2,19.9
85132C,2010-12,2,19.9
85135A,2010-12,1,7.95
85135B,2011-04,3,23.85
85135B,2011-05,4,31.8
85135B,2011-06,4,31.8
85135B,2011-08,3,23.85
85135B,2011-09,3,23.85
85135C,2011-01,4,31.8
85135C,2011-02,1,7.95
85135C,2011-04,4,31.8
85135C,2011-05,3,23.85
85135C,2011-06,4,31.8
85135C,2011-08,2,15.9
85135C,2011-11,3,23.85
85136A,2011-01,2,15.9
85136A,2011-02,3,23.85
85136A,2011-04,2,15.9
85136A,2011-05,2,15.9
85136A,2011-07,2,15.9
85136A,2011-08,1,7.95
85136A,2011-09,1,7.95
85136B,2010-12,2,15.9
85136C,2011-07,2,15.9
85136C,2011-08,3,23.85
85136C,2011-10,1,7.95
85141,2010-12,2,21.5
85141,2011-02,1,10.75
85141,2011-06,4,15.8
85144,2010-12,1,7.25
85145,2011-03,2,25.5
85146,2011-01,4,23.8
85146,2011-02,1,5.95
85146,2011-03,2,11.9
85150,2011-08,1,2.55
85159A,2011-12,1,1.95
85160B,2011-09,3,1.17
85161,2011-03,2,37.9
85161,2011-07,3,50.849999999999994
85161,2011-08,2,37.9
85161,2011-09,2,37.9
85161,2011-11,3,56.849999999999994
85163A,2010-12,1,12.75
85163A,2011-02,1,12.75
85163A,2011-03,2,25.5
85163A,2011-06,1,12.75
85163A,2011-08,3,38.25
85163A,2011-09,1,12.75
85163A,2011-11,4,47.4
85163B,2010-12,1,12.75
85163B,2011-03,1,12.75
85163B,2011-05,1,12.75
85163B,2011-06,3,38.25
85163B,2011-07,1,12.75
85163B,2011-08,1,12.75
85163B,2011-11,3,32.849999999999994
85167B,2011-03,2,8.5
85168B,2011-06,2,19.9
85168B,2011-09,1,8.29
85168B,2011-11,4,36.9
85168B,2011-12,2,16.58
85169A,2011-05,2,2.5
85169A,2011-06,3,3.75
85169A,2011-12,1,1.25
85169B,2011-02,2,2.5
85169B,2011-03,4,5.0
85169B,2011-06,3,3.75
85169B,2011-08,3,3.75
85169B,2011-11,3,3.75
85169C,2011-05,2,2.5
85169C,2011-09,1,1.25
85169C,2011-11,2,2.5
85169C,2011-12,3,3.75
85169D,2011-04,2,2.5
85169D,2011-10,1,1.25
85170A,2010-12,1,2.1
85170B,2011-03,2,4.2
85170B,2011-07,1,2.1
85170B,2011-08,2,4.2
85170B,2011-10,3,6.300000000000001
85170B,2011-11,4,8.4
85170D,2011-12,3,12.39
85173,2011-07,4,10.2
85174,2011-07,2,9.9
85174,2011-08,4,19.8
85174,2011-10,2,15.739999999999998
85174,2011-12,4,25.64
85177,2011-12,3,4.109999999999999
85179A,2010-12,3,13.950000000000001
85179A,2011-04,3,13.950000000000001
85179A,2011-07,1,4.65
85179C,2011-07,1,4.65
85180A,2011-03,3,13.950000000000001
85180A,2011-04,3,13.950000000000001
85180A,2011-07,2,9.3
85180A,2011-11,3,13.950000000000001
85180A,2011-12,1,9.13
85180B,2011-05,3,13.950000000000001
85180B,2011-06,1,4.65
85180B,2011-07,1,4.65
85180B,2011-08,3,13.950000000000001
85180B,2011-11,1,4.65
85183B,2011-03,1,3.75
85184C,2011-06,4,11.8
85185D,2010-12,4,11.8
85185D,2011-02,3,8.850000000000001
85185D,2011-05,2,5.9
85187,2010-12,1,1.65
85187,2011-07,1,1.65
85189,2011-03,3,2.55
85195,2011-02,1,2.1
85195,2011-03,2,4.2
85197,2011-02,2,4.2
85197,2011-07,4,8.4
85202,2011-05,3,1.26
85203,2011-05,3,1.26
85204,2011-02,4,1.68
85204,2011-05,3,1.26
85208,2011-05,1,2.1
85208,2011-06,2,4.2
85208,2011-09,4,8.4
85208,2011-11,2,4.2
85211,2011-05,2,3.3
85211,2011-06,1,1.65
85211,2011-10,2,1.58
85214,2011-01,4,6.6
85214,2011-07,2,3.3
85216,2011-11,1,0.65
85224,2011-03,3,6.300000000000001
85225,2011-04,1,1.25
85230B,2011-01,4,1.16
85230F,2011-04,2,0.58
85231B,2011-05,2,1.7
85232A,2011-05,1,4.95
85232A,2011-06,1,4.95
85232B,2011-01,3,14.850000000000001
85232D,2011-03,4,19.8
85232D,2011-12,3,14.850000000000001
90000A,2011-02,1,5.95
90000A,2011-05,1,5.95
90000A,2011-10,2,11.9
90000A,2011-11,2,11.9
90000B,2011-02,1,5.95
90000B,2011-06,2,11.9
90000D,2011-02,1,5.95
90000D,2011-05,1,5.95
90000D,2011-06,2,11.9
90000D,2011-10,2,11.9
90001A,2011-06,2,8.5
90001B,2011-06,2,8.5
90001B,2011-08,2,8.5
90001C,2011-04,1,4.25
90001C,2011-10,1,4.25
90001D,2011-06,2,8.5
90001D,2011-08,2,8.5
90001D,2011-10,1,4.25
90002D,2011-02,2,7.5
90002D,2011-03,1,3.75
90002D,2011-05,1,3.75
90003B,2010-12,1,3.75
90003B,2011-03,1,3.75
90003B,2011-09,4,15.0
90003C,2010-12,1,3.75
90003C,2011-03,1,3.75
90003C,2011-08,4,15.0
90003D,2011-01,4,15.0
90003D,2011-04,2,7.5
90003D,2011-11,1,3.75
90003E,2011-08,4,15.0
90003E,2011-09,4,15.0
90010A,2011-02,1,8.95
90010A,2011-04,1,8.95
90010A,2011-08,2,17.9
90010A,2011-09,3,26.849999999999998
90010B,2011-01,4,35.8
90010B,2011-02,1,8.95
90010B,2011-04,2,17.9
90010E,2011-01,1,8.95
90010E,2011-02,1,8.95
90010E,2011-04,3,26.849999999999998
90010E,2011-09,2,17.9
90010E,2011-10,3,26.849999999999998
90011A,2011-11,1,2.95
90011B,2011-02,1,2.95
90013A,2011-08,4,15.0
90013A,2011-11,4,15.0
90013C,2011-05,2,7.5
90013C,2011-09,4,15.0
90014A,2010-12,1,9.95
90014A,2011-02,2,19.9
90014A,2011-03,2,19.9
90014A,2011-04,1,9.95
90014A,2011-08,1,9.95
90014A,2011-09,1,9.95
90014A,2011-10,1,2.95
90014B,2010-12,1,9.95
90014B,2011-02,1,9.95
90014B,2011-03,2,19.9
90014B,2011-05,3,29.849999999999998
90014B,2011-08,1,9.95
90014B,2011-10,2,5.9
90014C,2011-03,1,9.95
90014C,2011-08,2,19.9
90014C,2011-11,1,2.95
90016A,2011-01,3,25.5
90016A,2011-05,1,8.5
90016A,2011-08,1,8.5
90016B,2011-01,1,8.5
90016B,2011-02,2,17.0
90016B,2011-04,2,17.0
90016B,2011-08,2,17.0
90016B,2011-10,1,8.5
90016B,2011-11,1,8.5
90018A,2011-02,2,8.5
90018A,2011-03,2,8.5
90018A,2011-11,3,12.75
90018B,2011-02,1,4.25
90018B,2011-04,2,8.5
90018B,2011-05,4,17.0
90018B,2011-10,1,4.25
90018C,2011-08,2,8.5
90018C,2011-09,4,17.0
90019A,2010-12,2,9.9
90019A,2011-05,2,9.9
90019A,2011-08,2,9.9
90019A,2011-09,3,14.850000000000001
90019A,2011-11,4,19.8
90019B,2011-08,1,4.95
90019B,2011-10,1,4.95
90019C,2011-09,2,9.9
90019C,2011-10,1,4.95
90019C,2011-11,1,4.95
90021,2011-04,1,11.95
90022,2010-12,1,3.75
90022,2011-03,1,3.75
90022,2011-09,4,15.0
90022,2011-12,2,7.5
90023,2011-02,2,8.5
90023,2011-05,3,12.75
90023,2011-09,1,4.25
90023,2011-11,2,8.5
90024B,2011-08,2,17.0
90024B,2011-09,2,17.0
90024C,2011-02,2,17.0
90024D,2011-04,1,8.5
90024F,2011-02,2,17.0
90025A,2011-04,1,3.75
90025A,2011-10,1,3.75
90025F,2011-10,1,3.75
90026A,2011-06,2,17.0
90026B,2011-02,1,8.5
90026B,2011-03,1,8.5
90026C,2011-02,1,8.5
90026C,2011-11,2,17.0
90026D,2011-02,1,8.5
90026D,2011-03,1,8.5
90026D,2011-11,1,8.5
90027A,2010-12,4,11.8
90027D,2010-12,4,11.8
90028,2011-09,2,17.0
90029,2011-02,1,8.5
90029,2011-06,2,17.0
90030B,2011-03,4,23.8
90032,2010-12,4,25.0
90032,2011-01,1,6.25
90032,2011-02,2,12.5
90032,2011-04,1,6.25
90032,2011-05,2,12.5
90033,2011-05,2,5.1
90035A,2010-12,1,10.75
90035A,2011-04,3,32.25
90035C,2011-05,2,21.5
90036A,2011-05,1,7.95
90036A,2011-06,3,23.85
90036A,2011-08,2,15.9
90036B,2011-06,3,23.85
90036B,2011-08,1,7.95
90036C,2011-05,3,23.85
90036C,2011-10,3,23.85
90036D,2010-12,1,7.95
90036D,2011-03,4,31.8
90036D,2011-05,3,23.85
90036D,2011-06,3,23.85
90036E,2010-12,1,7.95
90036E,2011-05,1,7.95
90036E,2011-08,4,31.8
90036E,2011-10,1,7.95
90036F,2011-03,4,31.8
90039C,2011-02,1,3.75
90039D,2011-08,2,7.5
90040A,2010-12,3,10.5
90040A,2011-03,3,10.5
90040B,2010-12,3,10.5
90040B,2011-03,1,3.5
90040C,2011-03,3,10.5
90040C,2011-09,3,10.5
90040C,2011-12,1,3.5
90041,2011-05,2,7.0
90042A,2010-12,1,2.55
90042A,2011-04,2,5.1
90043,2011-07,3,14.850000000000001
90043,2011-10,1,9.96
90046,2011-07,3,14.850000000000001
90048,2011-07,3,14.850000000000001
90049,2011-07,3,14.850000000000001
90049,2011-10,1,9.96
90049,2011-11,1,9.96
90050,2011-05,3,20.85
90050,2011-11,3,20.85
90051,2011-04,3,20.85
90051,2011-10,3,20.85
90054,2011-10,1,2.55
90055,2011-02,1,2.55
90059B,2010-12,2,3.3
90059B,2011-11,1,1.65
90059C,2010-12,1,1.65
90059C,2011-11,1,1.65
90059E,2010-12,3,4.949999999999999
90059E,2011-11,1,1.65
90059F,2011-06,2,3.3
90059F,2011-11,1,1.65
90060B,2010-12,1,5.95
90060D,2010-12,3,17.85
90062,2010-12,4,51.0
90062,2011-01,2,25.5
90062,2011-03,4,51.0
90063A,2011-02,3,25.5
90063A,2011-05,2,17.0
90063A,2011-08,1,8.5
90063A,2011-09,2,17.0
90063A,2011-10,1,8.5
90063A,2011-11,2,17.0
90063B,2011-02,1,8.5
90063B,2011-05,2,17.0
90063B,2011-08,1,8.5
90063B,2011-10,2,17.0
90063B,2011-11,2,17.0
90064A,2011-05,2,7.5
90064B,2011-02,1,3.75
90064B,2011-05,2,7.5
90064B,2011-06,4,15.0
90064B,2011-08,1,3.75
90064B,2011-10,3,11.25
90065A,2011-02,4,27.0
90065A,2011-05,1,6.75
90065A,2011-06,3,20.25
90065B,2011-11,1,6.75
90067A,2010-12,1,2.95
90067A,2011-06,3,8.850000000000001
90069,2011-11,2,15.0
90070,2011-02,2,11.9
90070,2011-08,3,17.85
90070,2011-11,3,17.85
90071,2011-10,1,1.25
90072,2011-01,2,7.5
90072,2011-05,2,7.5
90073,2011-01,2,9.9
90073,2011-12,2,9.9
90074,2011-09,2,17.9
90078,2010-12,2,15.0
90079,2011-06,4,19.8
90079,2011-10,1,4.95
90081A,2010-12,4,19.8
90081A,2011-05,2,9.9
90081A,2011-07,1,4.95
90081A,2011-08,3,14.850000000000001
90081A,2011-10,1,4.95
90081A,2011-11,2,9.9
90081A,2011-12,2,9.9
90081C,2010-12,3,14.850000000000001
90081C,2011-05,3,14.850000000000001
90081C,2011-08,3,14.850000000000001
90081C,2011-10,1,4.95
90081C,2011-12,1,4.95
90082A,2011-02,2,12.7
90082A,2011-05,3,19.049999999999997
90082A,2011-08,3,19.049999999999997
90082A,2011-10,1,6.35
90082A,2011-11,1,6.35
90082A,2011-12,2,12.7
90082B,2011-02,2,12.7
90082B,2011-05,3,19.049999999999997
90082B,2011-08,3,19.049999999999997
90082B,2011-11,1,6.35
90082B,2011-12,1,6.35
90082D,2011-11,1,6.35
90084,2011-03,1,0.85
90086,2010-12,1,0.85
90086,2011-09,2,3.26
90087,2011-09,2,3.26
90087,2011-11,3,4.89
90093,2011-07,1,0.85
90093,2011-09,1,1.63
90093,2011-11,1,1.63
90094,2010-12,3,7.6499999999999995
90094,2011-02,1,2.55
90094,2011-05,1,2.55
90094,2011-08,2,5.1
90094,2011-12,1,2.55
90096,2011-02,2,5.1
90096,2011-08,1,2.55
90098,2011-06,1,2.55
90098,2011-11,3,7.6499999999999995
90099,2011-03,4,10.2
90099,2011-05,2,5.1
90099,2011-10,1,2.55
90099,2011-12,1,2.55
90100,2011-02,1,2.55
90101,2011-08,1,2.55
90101,2011-11,2,5.1
90103,2011-11,2,5.1
90104,2010-12,1,0.85
90108,2011-08,1,1.05
90114,2010-12,1,2.55
90114,2011-12,2,5.1
90116,2011-06,2,3.38
90116,2011-11,2,3.38
90120B,2011-02,1,4.25
90120B,2011-03,4,17.0
90120B,2011-07,1,4.25
90120B,2011-08,4,17.0
90120C,2010-12,4,17.0
90120C,2011-01,4,17.0
90120C,2011-02,1,4.25
90120C,2011-03,4,17.0
90120C,2011-06,4,17.0
90120C,2011-09,4,17.0
90120D,2010-12,1,4.25
90120D,2011-02,1,4.25
90122A,2011-02,1,4.95
90122A,2011-05,1,4.95
90122B,2011-02,1,4.95
90122C,2011-02,1,4.95
90122C,2011-06,4,19.8
90122C,2011-07,1,4.95
90123A,2011-01,1,5.95
90123A,2011-02,2,11.9
90123A,2011-04,3,17.85
90123A,2011-05,4,23.8
90123A,2011-07,1,5.95
90123A,2011-08,3,17.85
90123B,2011-01,2,11.9
90123B,2011-04,2,11.9
90123B,2011-07,1,5.95
90123B,2011-08,3,17.85
90123C,2011-01,2,11.9
90123C,2011-04,4,23.8
90123C,2011-05,3,17.85
90123C,2011-07,1,5.95
90123C,2011-08,3,17.85
90123D,2011-01,1,5.95
90123D,2011-04,2,11.9
90124A,2011-03,1,9.95
90124A,2011-05,2,19.9
90124A,2011-10,3,29.849999999999998
90124B,2011-03,2,19.9
90124B,2011-05,2,19.9
90124C,2011-03,1,9.95
90124C,2011-08,3,29.849999999999998
90124C,2011-09,1,9.95
90124C,2011-10,2,19.9
90125B,2011-05,1,2.1
90125E,2011-05,1,2.1
90128B,2010-12,1,1.25
90129A,2010-12,4,11.8
90129A,2011-06,3,8.850000000000001
90129B,2010-12,3,8.850000000000001
90129B,2011-06,3,8.850000000000001
90129B,2011-12,1,2.95
90129C,2010-12,3,8.850000000000001
90129C,2011-03,2,5.9
90129C,2011-06,3,8.850000000000001
90129C,2011-12,1,2.95
90129F,2010-12,1,2.95
90129F,2011-06,3,8.850000000000001
90129F,2011-10,2,5.9
90129F,2011-12,1,2.95
90130A,2011-11,1,2.95
90130B,2011-05,2,5.9
90130B,2011-11,1,2.95
90131,2011-03,4,27.8
90133,2010-12,1,4.95
90136,2010-12,1,9.95
90136,2011-04,2,19.9
90138,2011-04,4,19.8
90141A,2011-03,1,4.95
90141A,2011-07,3,14.850000000000001
90141B,2011-05,3,14.850000000000001
90141B,2011-07,3,14.850000000000001
90141C,2011-03,1,4.95
90141C,2011-07,3,14.850000000000001
90141D,2011-07,3,14.850000000000001
90141E,2011-07,3,14.850000000000001
90142D,2011-10,3,14.850000000000001
90143,2011-02,2,15.0
90143,2011-03,2,15.0
90143,2011-09,2,15.0
90144,2011-06,2,7.5
90145,2010-12,2,11.9
90145,2011-01,2,11.9
90145,2011-02,1,5.95
90145,2011-03,3,17.85
90145,2011-06,1,5.95
90145,2011-08,2,11.9
90145,2011-10,3,17.85
90145,2011-11,2,11.9
90146,2010-12,2,15.0
90146,2011-01,2,15.0
90147,2010-12,1,9.95
90147,2011-02,4,39.8
90147,2011-03,1,9.95
90147,2011-04,1,9.95
90147,2011-05,2,19.9
90147,2011-09,2,19.9
90148,2011-01,1,12.75
90148,2011-02,2,25.5
90148,2011-04,1,12.75
90148,2011-08,2,25.5
90148,2011-09,2,25.5
90149,2011-05,1,7.5
90151,2011-11,2,17.0
90152A,2011-02,1,5.95
90152A,2011-06,1,5.95
90152A,2011-09,1,5.95
90152B,2010-12,1,5.95
90152C,2011-02,1,5.95
90154,2010-12,1,8.95
90154,2011-01,2,17.9
90154,2011-08,1,8.95
90154,2011-11,1,8.95
90155,2011-01,2,15.0
90155,2011-09,1,7.5
90155,2011-11,3,22.5
90156,2011-01,2,9.9
90156,2011-09,1,4.95
90157,2011-04,2,9.9
90158,2011-04,2,9.9
90158,2011-08,1,4.95
90158,2011-09,1,4.95
90159,2011-04,2,9.9
90159,2011-11,1,4.95
90160A,2010-12,3,20.85
90160A,2011-03,2,13.9
90160A,2011-04,3,20.85
90160A,2011-05,3,20.85
90160A,2011-06,1,6.95
90160A,2011-08,2,13.9
90160A,2011-10,1,6.95
90160B,2010-12,2,13.9
90160B,2011-01,2,13.9
90160B,2011-03,2,13.9
90160B,2011-04,3,20.85
90160B,2011-08,2,13.9
90160B,2011-11,1,6.95
90160C,2011-01,2,13.9
90160C,2011-03,2,13.9
90160C,2011-04,3,20.85
90160C,2011-06,2,13.9
90160C,2011-08,3,20.85
90160C,2011-10,1,6.95
90160D,2010-12,2,13.9
90160D,2011-02,1,6.95
90160D,2011-04,3,20.85
90160D,2011-06,1,6.95
90161A,2010-12,1,4.95
90161A,2011-02,1,4.95
90161A,2011-05,3,14.850000000000001
90161A,2011-10,1,4.95
90161A,2011-11,1,4.95
90161A,2011-12,2,9.9
90161B,2011-01,2,9.9
90161B,2011-02,1,4.95
90161B,2011-07,2,9.9
90161C,2010-12,3,14.850000000000001
90161C,2011-01,2,9.9
90161C,2011-02,1,4.95
90161C,2011-07,2,9.9
90161C,2011-08,1,4.95
90161D,2010-12,3,14.850000000000001
90161D,2011-02,1,4.95
90161D,2011-05,3,14.850000000000001
90161D,2011-07,2,9.9
90162B,2010-12,3,8.850000000000001
90162B,2011-02,2,5.9
90162B,2011-05,1,2.95
90162B,2011-06,4,11.8
90162B,2011-09,1,2.95
90162B,2011-10,4,11.8
90162C,2010-12,2,5.9
90162C,2011-02,2,5.9
90162C,2011-03,3,8.850000000000001
90162C,2011-05,3,8.850000000000001
90162C,2011-10,4,11.8
90162D,2010-12,3,8.850000000000001
90162D,2011-06,3,8.850000000000001
90162D,2011-10,4,11.8
90163A,2011-04,2,15.0
90163A,2011-11,2,15.0
90163B,2011-04,2,15.0
90164A,2011-03,2,15.0
90164A,2011-04,2,15.0
90164A,2011-08,2,15.0
90164B,2011-04,2,15.0
90165B,2010-12,1,2.55
90166,2011-03,2,8.5
90166,2011-07,3,12.75
90166,2011-09,4,16.9
90166,2011-10,4,16.6
90166,2011-11,1,4.15
90170,2011-11,1,1.65
90173,2011-05,4,15.0
90174,2011-02,1,2.55
90175A,2010-12,1,8.95
90175A,2011-02,1,8.95
90175A,2011-03,1,8.95
90175A,2011-06,1,8.95
90175C,2010-12,2,17.9
90175C,2011-04,2,17.9
90175C,2011-05,3,26.849999999999998
90175C,2011-11,2,17.9
90175D,2010-12,2,17.9
90175D,2011-04,1,8.95
90176A,2011-11,2,15.0
90176B,2011-11,2,15.0
90176C,2011-08,2,15.0
90176D,2011-06,2,15.0
90176D,2011-08,2,15.0
90176D,2011-10,1,7.5
90176D,2011-11,2,15.0
90176E,2011-08,2,15.0
90176E,2011-10,1,7.5
90177B,2010-12,1,2.95
90177C,2010-12,1,2.95
90177D,2010-12,1,2.95
90177D,2011-06,2,5.9
90177D,2011-10,1,2.95
90178A,2010-12,4,47.8
90178A,2011-09,1,11.95
90178A,2011-10,1,11.95
90178B,2010-12,1,11.95
90179A,2010-12,1,5.95
90179A,2011-11,2,11.9
90179C,2010-12,1,5.95
90180A,2010-12,1,9.95
90180A,2011-02,1,9.95
90180B,2011-02,1,9.95
90180B,2011-04,1,9.95
90180B,2011-12,1,9.95
90181A,2011-11,1,8.95
90183A,2011-10,1,2.95
90183A,2011-12,1,2.95
90183C,2011-03,1,2.95
90184A,2011-04,2,17.9
90184A,2011-11,1,8.95
90184B,2011-01,1,8.95
90184B,2011-02,2,17.9
90184B,2011-04,1,8.95
90184B,2011-08,2,17.9
90184B,2011-11,1,8.95
90184B,2011-12,2,17.9
90184C,2011-01,1,8.95
90184C,2011-02,3,26.849999999999998
90184C,2011-04,1,8.95
90184C,2011-09,4,35.8
90184C,2011-11,2,17.9
90185A,2010-12,3,12.75
90185A,2011-03,1,4.25
90185B,2010-12,1,4.25
90185C,2010-12,3,12.75
90186A,2010-12,3,8.850000000000001
90186A,2011-08,2,5.9
90186B,2010-12,1,2.95
90186B,2011-02,1,2.95
90186B,2011-05,1,2.95
90187B,2011-06,4,13.4
90188,2011-10,2,5.1
90188,2011-11,1,2.55
90189A,2011-10,1,7.5
90189A,2011-11,1,7.5
90190C,2010-12,3,8.850000000000001
90190C,2011-03,1,2.95
90190C,2011-11,1,2.95
90191,2011-02,1,12.75
90191,2011-07,1,12.75
90191,2011-09,1,12.75
90192,2011-02,3,14.850000000000001
90192,2011-07,1,4.95
90192,2011-10,4,19.8
90192,2011-11,2,9.9
90192,2011-12,2,9.9
90194,2010-12,1,4.25
90194,2011-04,2,8.5
90194,2011-05,1,4.25
90194,2011-09,3,12.75
90195A,2011-01,1,8.95
90195A,2011-10,1,2.95
90195A,2011-11,1,2.95
90195B,2010-12,2,17.9
90195B,2011-11,1,2.95
90196A,2011-01,1,12.75
90196A,2011-11,2,25.5
90196B,2010-12,2,25.5
90196B,2011-11,2,25.5
90197B,2011-01,3,14.850000000000001
90198A,2011-01,4,17.0
90198A,2011-02,1,4.25
90198A,2011-05,3,12.75
90198A,2011-06,4,17.0
90198A,2011-08,2,8.5
90198B,2010-12,1,4.25
90198B,2011-02,2,8.5
90198B,2011-03,4,17.0
90198B,2011-04,1,4.25
90198B,2011-05,3,12.75
90198B,2011-06,4,17.0
90198B,2011-07,1,4.25
90198B,2011-08,2,8.5
90198B,2011-12,2,8.5
90199A,2010-12,2,12.7
90199A,2011-03,4,25.4
90199A,2011-11,2,12.7
90199B,2011-11,2,12.7
90199C,2011-04,2,12.7
90199C,2011-05,1,6.35
90199C,2011-09,4,25.4
90199C,2011-11,4,25.4
90199D,2010-12,1,6.35
90199D,2011-10,1,6.35
90200A,2011-02,2,8.5
90200A,2011-05,4,17.0
90200A,2011-06,3,12.75
90200A,2011-09,1,4.25
90200A,2011-10,2,8.5
90200A,2011-11,1,4.25
90200B,2011-02,4,17.0
90200B,2011-03,3,12.75
90200B,2011-04,3,12.75
90200B,2011-10,4,17.0
90200B,2011-11,1,4.25
90200C,2011-02,2,8.5
90200D,2011-02,4,17.0
90200D,2011-04,2,8.5
90200D,2011-09,1,4.25
90200E,2011-02,3,12.75
90200E,2011-04,2,8.5
90200E,2011-06,3,12.75
90200E,2011-11,1,4.25
90201A,2011-04,3,8.850000000000001
90201A,2011-10,2,5.9
90201B,2011-05,1,2.95
90201C,2011-04,3,8.850000000000001
90201D,2011-04,3,8.850000000000001
90201D,2011-10,1,2.95
90202B,2011-02,1,2.95
90202C,2011-02,1,2.95
90204,2011-09,4,13.4
90204,2011-11,2,6.7
90205A,2011-07,1,1.65
90205A,2011-09,4,6.6
90205A,2011-11,2,3.3
90205C,2011-07,1,1.65
90205C,2011-08,1,1.65
90205C,2011-09,4,6.6
90206A,2011-06,2,9.9
90206A,2011-09,3,14.850000000000001
90206A,2011-11,1,4.95
90206C,2011-06,2,9.9
90206C,2011-11,4,19.8
90208,2011-06,3,7.6499999999999995
90208,2011-11,1,2.55
90209B,2011-05,2,4.2
90209B,2011-10,1,2.1
90209C,2011-10,1,2.1
90210A,2011-01,2,5.9
90210C,2011-01,2,5.9
90211A,2011-08,2,11.9
90211A,2011-11,3,17.85
90211B,2010-12,2,11.9
90211B,2011-11,2,11.9
90212B,2010-12,3,11.25
90212C,2010-12,3,11.25
90212C,2011-09,3,11.25
90214A,2011-02,1,1.25
90214A,2011-04,1,1.25
90214A,2011-05,1,1.25
90214A,2011-10,2,2.5
90214B,2010-12,1,1.25
90214C,2010-12,1,1.25
90214C,2011-05,1,1.25
90214D,2010-12,1,1.25
90214D,2011-06,1,1.25
90214D,2011-10,1,1.25
90214E,2011-06,3,3.75
90214G,2011-01,1,1.25
90214G,2011-04,1,1.25
90214G,2011-07,1,1.25
90214H,2011-06,2,2.5
90214J,2010-12,3,3.75
90214J,2011-06,2,2.5
90214K,2010-12,2,2.5
90214K,2011-01,2,2.5
90214K,2011-02,3,3.75
90214K,2011-06,3,3.75
90214L,2011-06,2,2.5
90214L,2011-10,1,1.25
90214M,2011-07,1,1.25
90214N,2011-06,2,2.5
90214N,2011-09,1,1.25
90214N,2011-11,2,2.5
90214P,2011-03,1,1.25
90214P,2011-04,1,1.25
90214P,2011-05,1,1.25
90214R,2011-01,1,1.25
90214R,2011-02,1,1.25
90214S,2010-12,3,3.75
90214V,2010-12,1,1.25
90214V,2011-06,1,1.25
90214Y,2011-05,1,1.25
BANK CHARGES,2010-12,1,15.0
BANK CHARGES,2011-01,1,15.0
BANK CHARGES,2011-04,1,15.0
BANK CHARGES,2011-05,1,15.0
BANK CHARGES,2011-09,3,30.001
BANK CHARGES,2011-10,2,30.0
BANK CHARGES,2011-11,2,30.0
BANK CHARGES,2011-12,1,15.0
C2,2011-01,4,200.0
C2,2011-02,4,200.0
C2,2011-12,3,150.0
DOT,2011-08,1,11.17
DOT,2011-11,4,5205.34
DOT,2011-12,1,1599.26
PADS,2011-04,1,0.001
PADS,2011-07,1,0.001
PADS,2011-09,1,0.001
